Código Departamento;Código Municipio;Nombre Departamento;Nombre Municipio
05;05001;ANTIOQUIA;MEDELLÍN
05;05002;ANTIOQUIA;ABEJORRAL
05;05004;ANTIOQUIA;ABRIAQUÍ
05;05021;ANTIOQUIA;ALEJANDRÍA
05;05030;ANTIOQUIA;AMAGÁ
05;05031;ANTIOQUIA;AMALFI
05;05034;ANTIOQUIA;ANDES
05;05036;ANTIOQUIA;ANGELÓPOLIS
05;05038;ANTIOQUIA;ANGOSTURA
05;05040;ANTIOQUIA;ANORÍ
05;05042;ANTIOQUIA;SANTA FÉ DE ANTIOQUIA
05;05044;ANTIOQUIA;ANZÁ
05;05045;ANTIOQUIA;APARTADÓ
05;05051;ANTIOQUIA;ARBOLETES
05;05055;ANTIOQUIA;ARGELIA
05;05059;ANTIOQUIA;ARMENIA
05;05079;ANTIOQUIA;BARBOSA
05;05086;ANTIOQUIA;BELMIRA
05;05088;ANTIOQUIA;BELLO
05;05091;ANTIOQUIA;BETANIA
05;05093;ANTIOQUIA;BETULIA
05;05101;ANTIOQUIA;CIUDAD BOLÍVAR
05;05107;ANTIOQUIA;BRICEÑO
05;05113;ANTIOQUIA;BURITICÁ
05;05120;ANTIOQUIA;CÁCERES
05;05125;ANTIOQUIA;CAICEDO
05;05129;ANTIOQUIA;CALDAS
05;05134;ANTIOQUIA;CAMPAMENTO
05;05138;ANTIOQUIA;CAÑASGORDAS
05;05142;ANTIOQUIA;CARACOLÍ
05;05145;ANTIOQUIA;CARAMANTA
05;05147;ANTIOQUIA;CAREPA
05;05148;ANTIOQUIA;EL CARMEN DE VIBORAL
05;05150;ANTIOQUIA;CAROLINA
05;05154;ANTIOQUIA;CAUCASIA
05;05172;ANTIOQUIA;CHIGORODÓ
05;05190;ANTIOQUIA;CISNEROS
05;05197;ANTIOQUIA;COCORNÁ
05;05206;ANTIOQUIA;CONCEPCIÓN
05;05209;ANTIOQUIA;CONCORDIA
05;05212;ANTIOQUIA;COPACABANA
05;05234;ANTIOQUIA;DABEIBA
05;05237;ANTIOQUIA;DONMATÍAS
05;05240;ANTIOQUIA;EBÉJICO
05;05250;ANTIOQUIA;EL BAGRE
05;05264;ANTIOQUIA;ENTRERRÍOS
05;05266;ANTIOQUIA;ENVIGADO
05;05282;ANTIOQUIA;FREDONIA
05;05284;ANTIOQUIA;FRONTINO
05;05306;ANTIOQUIA;GIRALDO
05;05308;ANTIOQUIA;GIRARDOTA
05;05310;ANTIOQUIA;GÓMEZ PLATA
05;05313;ANTIOQUIA;GRANADA
05;05315;ANTIOQUIA;GUADALUPE
05;05318;ANTIOQUIA;GUARNE
05;05321;ANTIOQUIA;GUATAPÉ
05;05347;ANTIOQUIA;HELICONIA
05;05353;ANTIOQUIA;HISPANIA
05;05360;ANTIOQUIA;ITAGÜÍ
05;05361;ANTIOQUIA;ITUANGO
05;05364;ANTIOQUIA;JARDÍN
05;05368;ANTIOQUIA;JERICÓ
05;05376;ANTIOQUIA;LA CEJA
05;05380;ANTIOQUIA;LA ESTRELLA
05;05390;ANTIOQUIA;LA PINTADA
05;05400;ANTIOQUIA;LA UNIÓN
05;05411;ANTIOQUIA;LIBORINA
05;05425;ANTIOQUIA;MACEO
05;05440;ANTIOQUIA;MARINILLA
05;05467;ANTIOQUIA;MONTEBELLO
05;05475;ANTIOQUIA;MURINDÓ
05;05480;ANTIOQUIA;MUTATÁ
05;05483;ANTIOQUIA;NARIÑO
05;05490;ANTIOQUIA;NECOCLÍ
05;05495;ANTIOQUIA;NECHÍ
05;05501;ANTIOQUIA;OLAYA
05;05541;ANTIOQUIA;PEÑOL
05;05543;ANTIOQUIA;PEQUE
05;05576;ANTIOQUIA;PUEBLORRICO
05;05579;ANTIOQUIA;PUERTO BERRÍO
05;05585;ANTIOQUIA;PUERTO NARE
05;05591;ANTIOQUIA;PUERTO TRIUNFO
05;05604;ANTIOQUIA;REMEDIOS
05;05607;ANTIOQUIA;RETIRO
05;05615;ANTIOQUIA;RIONEGRO
05;05628;ANTIOQUIA;SABANALARGA
05;05631;ANTIOQUIA;SABANETA
05;05642;ANTIOQUIA;SALGAR
05;05647;ANTIOQUIA;SAN ANDRÉS DE CUERQUÍA
05;05649;ANTIOQUIA;SAN CARLOS
05;05652;ANTIOQUIA;SAN FRANCISCO
05;05656;ANTIOQUIA;SAN JERÓNIMO
05;05658;ANTIOQUIA;SAN JOSÉ DE LA MONTAÑA
05;05659;ANTIOQUIA;SAN JUAN DE URABÁ
05;05660;ANTIOQUIA;SAN LUIS
05;05664;ANTIOQUIA;SAN PEDRO DE LOS MILAGROS
05;05665;ANTIOQUIA;SAN PEDRO DE URABÁ
05;05667;ANTIOQUIA;SAN RAFAEL
05;05670;ANTIOQUIA;SAN ROQUE
05;05674;ANTIOQUIA;SAN VICENTE FERRER
05;05679;ANTIOQUIA;SANTA BÁRBARA
05;05686;ANTIOQUIA;SANTA ROSA DE OSOS
05;05690;ANTIOQUIA;SANTO DOMINGO
05;05697;ANTIOQUIA;EL SANTUARIO
05;05736;ANTIOQUIA;SEGOVIA
05;05756;ANTIOQUIA;SONSÓN
05;05761;ANTIOQUIA;SOPETRÁN
05;05789;ANTIOQUIA;TÁMESIS
05;05790;ANTIOQUIA;TARAZÁ
05;05792;ANTIOQUIA;TARSO
05;05809;ANTIOQUIA;TITIRIBÍ
05;05819;ANTIOQUIA;TOLEDO
05;05837;ANTIOQUIA;TURBO
05;05842;ANTIOQUIA;URAMITA
05;05847;ANTIOQUIA;URRAO
05;05854;ANTIOQUIA;VALDIVIA
05;05856;ANTIOQUIA;VALPARAÍSO
05;05858;ANTIOQUIA;VEGACHÍ
05;05861;ANTIOQUIA;VENECIA
05;05873;ANTIOQUIA;VIGÍA DEL FUERTE
05;05885;ANTIOQUIA;YALÍ
05;05887;ANTIOQUIA;YARUMAL
05;05890;ANTIOQUIA;YOLOMBÓ
05;05893;ANTIOQUIA;YONDÓ
05;05895;ANTIOQUIA;ZARAGOZA
08;08001;ATLÁNTICO;BARRANQUILLA
08;08078;ATLÁNTICO;BARANOA
08;08137;ATLÁNTICO;CAMPO DE LA CRUZ
08;08141;ATLÁNTICO;CANDELARIA
08;08296;ATLÁNTICO;GALAPA
08;08372;ATLÁNTICO;JUAN DE ACOSTA
08;08421;ATLÁNTICO;LURUACO
08;08433;ATLÁNTICO;MALAMBO
08;08436;ATLÁNTICO;MANATÍ
08;08520;ATLÁNTICO;PALMAR DE VARELA
08;08549;ATLÁNTICO;PIOJÓ
08;08558;ATLÁNTICO;POLONUEVO
08;08560;ATLÁNTICO;PONEDERA
08;08573;ATLÁNTICO;PUERTO COLOMBIA
08;08606;ATLÁNTICO;REPELÓN
08;08634;ATLÁNTICO;SABANAGRANDE
08;08638;ATLÁNTICO;SABANALARGA
08;08675;ATLÁNTICO;SANTA LUCÍA
08;08685;ATLÁNTICO;SANTO TOMÁS
08;08758;ATLÁNTICO;SOLEDAD
08;08770;ATLÁNTICO;SUAN
08;08832;ATLÁNTICO;TUBARÁ
08;08849;ATLÁNTICO;USIACURÍ
11;11001;BOGOTÁ. D.C.;BOGOTÁ. D.C.
13;13001;BOLÍVAR;CARTAGENA DE INDIAS
13;13006;BOLÍVAR;ACHÍ
13;13030;BOLÍVAR;ALTOS DEL ROSARIO
13;13042;BOLÍVAR;ARENAL
13;13052;BOLÍVAR;ARJONA
13;13062;BOLÍVAR;ARROYOHONDO
13;13074;BOLÍVAR;BARRANCO DE LOBA
13;13140;BOLÍVAR;CALAMAR
13;13160;BOLÍVAR;CANTAGALLO
13;13188;BOLÍVAR;CICUCO
13;13212;BOLÍVAR;CÓRDOBA
13;13222;BOLÍVAR;CLEMENCIA
13;13244;BOLÍVAR;EL CARMEN DE BOLÍVAR
13;13248;BOLÍVAR;EL GUAMO
13;13268;BOLÍVAR;EL PEÑÓN
13;13300;BOLÍVAR;HATILLO DE LOBA
13;13430;BOLÍVAR;MAGANGUÉ
13;13433;BOLÍVAR;MAHATES
13;13440;BOLÍVAR;MARGARITA
13;13442;BOLÍVAR;MARÍA LA BAJA
13;13458;BOLÍVAR;MONTECRISTO
13;13468;BOLÍVAR;SANTA CRUZ DE MOMPOX
13;13473;BOLÍVAR;MORALES
13;13490;BOLÍVAR;NOROSÍ
13;13549;BOLÍVAR;PINILLOS
13;13580;BOLÍVAR;REGIDOR
13;13600;BOLÍVAR;RÍO VIEJO
13;13620;BOLÍVAR;SAN CRISTÓBAL
13;13647;BOLÍVAR;SAN ESTANISLAO
13;13650;BOLÍVAR;SAN FERNANDO
13;13654;BOLÍVAR;SAN JACINTO
13;13655;BOLÍVAR;SAN JACINTO DEL CAUCA
13;13657;BOLÍVAR;SAN JUAN NEPOMUCENO
13;13667;BOLÍVAR;SAN MARTÍN DE LOBA
13;13670;BOLÍVAR;SAN PABLO
13;13673;BOLÍVAR;SANTA CATALINA
13;13683;BOLÍVAR;SANTA ROSA
13;13688;BOLÍVAR;SANTA ROSA DEL SUR
13;13744;BOLÍVAR;SIMITÍ
13;13760;BOLÍVAR;SOPLAVIENTO
13;13780;BOLÍVAR;TALAIGUA NUEVO
13;13810;BOLÍVAR;TIQUISIO
13;13836;BOLÍVAR;TURBACO
13;13838;BOLÍVAR;TURBANÁ
13;13873;BOLÍVAR;VILLANUEVA
13;13894;BOLÍVAR;ZAMBRANO
15;15001;BOYACÁ;TUNJA
15;15022;BOYACÁ;ALMEIDA
15;15047;BOYACÁ;AQUITANIA
15;15051;BOYACÁ;ARCABUCO
15;15087;BOYACÁ;BELÉN
15;15090;BOYACÁ;BERBEO
15;15092;BOYACÁ;BETÉITIVA
15;15097;BOYACÁ;BOAVITA
15;15104;BOYACÁ;BOYACÁ
15;15106;BOYACÁ;BRICEÑO
15;15109;BOYACÁ;BUENAVISTA
15;15114;BOYACÁ;BUSBANZÁ
15;15131;BOYACÁ;CALDAS
15;15135;BOYACÁ;CAMPOHERMOSO
15;15162;BOYACÁ;CERINZA
15;15172;BOYACÁ;CHINAVITA
15;15176;BOYACÁ;CHIQUINQUIRÁ
15;15180;BOYACÁ;CHISCAS
15;15183;BOYACÁ;CHITA
15;15185;BOYACÁ;CHITARAQUE
15;15187;BOYACÁ;CHIVATÁ
15;15189;BOYACÁ;CIÉNEGA
15;15204;BOYACÁ;CÓMBITA
15;15212;BOYACÁ;COPER
15;15215;BOYACÁ;CORRALES
15;15218;BOYACÁ;COVARACHÍA
15;15223;BOYACÁ;CUBARÁ
19;19318;CAUCA;GUAPI
15;15224;BOYACÁ;CUCAITA
15;15226;BOYACÁ;CUÍTIVA
15;15232;BOYACÁ;CHÍQUIZA
15;15236;BOYACÁ;CHIVOR
15;15238;BOYACÁ;DUITAMA
15;15244;BOYACÁ;EL COCUY
15;15248;BOYACÁ;EL ESPINO
15;15272;BOYACÁ;FIRAVITOBA
15;15276;BOYACÁ;FLORESTA
15;15293;BOYACÁ;GACHANTIVÁ
15;15296;BOYACÁ;GÁMEZA
15;15299;BOYACÁ;GARAGOA
15;15317;BOYACÁ;GUACAMAYAS
15;15322;BOYACÁ;GUATEQUE
15;15325;BOYACÁ;GUAYATÁ
15;15332;BOYACÁ;GÜICÁN DE LA SIERRA
15;15362;BOYACÁ;IZA
15;15367;BOYACÁ;JENESANO
15;15368;BOYACÁ;JERICÓ
15;15377;BOYACÁ;LABRANZAGRANDE
15;15380;BOYACÁ;LA CAPILLA
15;15401;BOYACÁ;LA VICTORIA
15;15403;BOYACÁ;LA UVITA
15;15407;BOYACÁ;VILLA DE LEYVA
15;15425;BOYACÁ;MACANAL
15;15442;BOYACÁ;MARIPÍ
15;15455;BOYACÁ;MIRAFLORES
15;15464;BOYACÁ;MONGUA
15;15466;BOYACÁ;MONGUÍ
15;15469;BOYACÁ;MONIQUIRÁ
15;15476;BOYACÁ;MOTAVITA
15;15480;BOYACÁ;MUZO
15;15491;BOYACÁ;NOBSA
15;15494;BOYACÁ;NUEVO COLÓN
15;15500;BOYACÁ;OICATÁ
15;15507;BOYACÁ;OTANCHE
15;15511;BOYACÁ;PACHAVITA
15;15514;BOYACÁ;PÁEZ
15;15516;BOYACÁ;PAIPA
15;15518;BOYACÁ;PAJARITO
15;15522;BOYACÁ;PANQUEBA
15;15531;BOYACÁ;PAUNA
15;15533;BOYACÁ;PAYA
15;15537;BOYACÁ;PAZ DE RÍO
15;15542;BOYACÁ;PESCA
15;15550;BOYACÁ;PISBA
15;15572;BOYACÁ;PUERTO BOYACÁ
15;15580;BOYACÁ;QUÍPAMA
15;15599;BOYACÁ;RAMIRIQUÍ
15;15600;BOYACÁ;RÁQUIRA
15;15621;BOYACÁ;RONDÓN
15;15632;BOYACÁ;SABOYÁ
15;15638;BOYACÁ;SÁCHICA
15;15646;BOYACÁ;SAMACÁ
15;15660;BOYACÁ;SAN EDUARDO
15;15664;BOYACÁ;SAN JOSÉ DE PARE
15;15667;BOYACÁ;SAN LUIS DE GACENO
15;15673;BOYACÁ;SAN MATEO
15;15676;BOYACÁ;SAN MIGUEL DE SEMA
15;15681;BOYACÁ;SAN PABLO DE BORBUR
15;15686;BOYACÁ;SANTANA
15;15690;BOYACÁ;SANTA MARÍA
15;15693;BOYACÁ;SANTA ROSA DE VITERBO
15;15696;BOYACÁ;SANTA SOFÍA
15;15720;BOYACÁ;SATIVANORTE
15;15723;BOYACÁ;SATIVASUR
15;15740;BOYACÁ;SIACHOQUE
15;15753;BOYACÁ;SOATÁ
15;15755;BOYACÁ;SOCOTÁ
15;15757;BOYACÁ;SOCHA
15;15759;BOYACÁ;SOGAMOSO
15;15761;BOYACÁ;SOMONDOCO
15;15762;BOYACÁ;SORA
15;15763;BOYACÁ;SOTAQUIRÁ
15;15764;BOYACÁ;SORACÁ
15;15774;BOYACÁ;SUSACÓN
15;15776;BOYACÁ;SUTAMARCHÁN
15;15778;BOYACÁ;SUTATENZA
15;15790;BOYACÁ;TASCO
15;15798;BOYACÁ;TENZA
15;15804;BOYACÁ;TIBANÁ
15;15806;BOYACÁ;TIBASOSA
15;15808;BOYACÁ;TINJACÁ
15;15810;BOYACÁ;TIPACOQUE
15;15814;BOYACÁ;TOCA
15;15816;BOYACÁ;TOGÜÍ
15;15820;BOYACÁ;TÓPAGA
15;15822;BOYACÁ;TOTA
15;15832;BOYACÁ;TUNUNGUÁ
15;15835;BOYACÁ;TURMEQUÉ
15;15837;BOYACÁ;TUTA
15;15839;BOYACÁ;TUTAZÁ
15;15842;BOYACÁ;ÚMBITA
15;15861;BOYACÁ;VENTAQUEMADA
15;15879;BOYACÁ;VIRACACHÁ
15;15897;BOYACÁ;ZETAQUIRA
17;17001;CALDAS;MANIZALES
17;17013;CALDAS;AGUADAS
17;17042;CALDAS;ANSERMA
17;17050;CALDAS;ARANZAZU
17;17088;CALDAS;BELALCÁZAR
17;17174;CALDAS;CHINCHINÁ
17;17272;CALDAS;FILADELFIA
17;17380;CALDAS;LA DORADA
17;17388;CALDAS;LA MERCED
17;17433;CALDAS;MANZANARES
17;17442;CALDAS;MARMATO
17;17444;CALDAS;MARQUETALIA
17;17446;CALDAS;MARULANDA
17;17486;CALDAS;NEIRA
17;17495;CALDAS;NORCASIA
17;17513;CALDAS;PÁCORA
17;17524;CALDAS;PALESTINA
17;17541;CALDAS;PENSILVANIA
17;17614;CALDAS;RIOSUCIO
17;17616;CALDAS;RISARALDA
17;17653;CALDAS;SALAMINA
17;17662;CALDAS;SAMANÁ
17;17665;CALDAS;SAN JOSÉ
17;17777;CALDAS;SUPÍA
17;17867;CALDAS;VICTORIA
17;17873;CALDAS;VILLAMARÍA
17;17877;CALDAS;VITERBO
18;18001;CAQUETÁ;FLORENCIA
18;18029;CAQUETÁ;ALBANIA
18;18094;CAQUETÁ;BELÉN DE LOS ANDAQUÍES
18;18150;CAQUETÁ;CARTAGENA DEL CHAIRÁ
18;18205;CAQUETÁ;CURILLO
18;18247;CAQUETÁ;EL DONCELLO
18;18256;CAQUETÁ;EL PAUJÍL
18;18410;CAQUETÁ;LA MONTAÑITA
18;18460;CAQUETÁ;MILÁN
18;18479;CAQUETÁ;MORELIA
18;18592;CAQUETÁ;PUERTO RICO
18;18610;CAQUETÁ;SAN JOSÉ DEL FRAGUA
18;18753;CAQUETÁ;SAN VICENTE DEL CAGUÁN
18;18756;CAQUETÁ;SOLANO
18;18785;CAQUETÁ;SOLITA
18;18860;CAQUETÁ;VALPARAÍSO
19;19001;CAUCA;POPAYÁN
19;19022;CAUCA;ALMAGUER
19;19050;CAUCA;ARGELIA
19;19075;CAUCA;BALBOA
19;19100;CAUCA;BOLÍVAR
19;19110;CAUCA;BUENOS AIRES
19;19130;CAUCA;CAJIBÍO
19;19137;CAUCA;CALDONO
19;19142;CAUCA;CALOTO
19;19212;CAUCA;CORINTO
19;19256;CAUCA;EL TAMBO
19;19290;CAUCA;FLORENCIA
19;19300;CAUCA;GUACHENÉ
19;19355;CAUCA;INZÁ
19;19364;CAUCA;JAMBALÓ
19;19392;CAUCA;LA SIERRA
19;19397;CAUCA;LA VEGA
19;19418;CAUCA;LÓPEZ DE MICAY
19;19450;CAUCA;MERCADERES
19;19455;CAUCA;MIRANDA
19;19473;CAUCA;MORALES
19;19513;CAUCA;PADILLA
19;19517;CAUCA;PÁEZ
19;19532;CAUCA;PATÍA
19;19533;CAUCA;PIAMONTE
19;19548;CAUCA;PIENDAMÓ - TUNÍA
19;19573;CAUCA;PUERTO TEJADA
19;19585;CAUCA;PURACÉ
19;19622;CAUCA;ROSAS
19;19693;CAUCA;SAN SEBASTIÁN
19;19698;CAUCA;SANTANDER DE QUILICHAO
19;19701;CAUCA;SANTA ROSA
19;19743;CAUCA;SILVIA
19;19760;CAUCA;SOTARÁ PAISPAMBA
19;19780;CAUCA;SUÁREZ
19;19785;CAUCA;SUCRE
19;19807;CAUCA;TIMBÍO
19;19809;CAUCA;TIMBIQUÍ
19;19821;CAUCA;TORIBÍO
19;19824;CAUCA;TOTORÓ
19;19845;CAUCA;VILLA RICA
20;20001;CESAR;VALLEDUPAR
20;20011;CESAR;AGUACHICA
20;20013;CESAR;AGUSTÍN CODAZZI
20;20032;CESAR;ASTREA
20;20045;CESAR;BECERRIL
20;20060;CESAR;BOSCONIA
20;20175;CESAR;CHIMICHAGUA
20;20178;CESAR;CHIRIGUANÁ
20;20228;CESAR;CURUMANÍ
20;20238;CESAR;EL COPEY
20;20250;CESAR;EL PASO
20;20295;CESAR;GAMARRA
20;20310;CESAR;GONZÁLEZ
20;20383;CESAR;LA GLORIA
20;20400;CESAR;LA JAGUA DE IBIRICO
20;20443;CESAR;MANAURE BALCÓN DEL CESAR
20;20517;CESAR;PAILITAS
20;20550;CESAR;PELAYA
20;20570;CESAR;PUEBLO BELLO
20;20614;CESAR;RÍO DE ORO
20;20621;CESAR;LA PAZ
20;20710;CESAR;SAN ALBERTO
20;20750;CESAR;SAN DIEGO
20;20770;CESAR;SAN MARTÍN
20;20787;CESAR;TAMALAMEQUE
23;23001;CÓRDOBA;MONTERÍA
23;23068;CÓRDOBA;AYAPEL
23;23079;CÓRDOBA;BUENAVISTA
23;23090;CÓRDOBA;CANALETE
23;23162;CÓRDOBA;CERETÉ
23;23168;CÓRDOBA;CHIMÁ
23;23182;CÓRDOBA;CHINÚ
23;23189;CÓRDOBA;CIÉNAGA DE ORO
23;23300;CÓRDOBA;COTORRA
23;23350;CÓRDOBA;LA APARTADA
23;23417;CÓRDOBA;LORICA
23;23419;CÓRDOBA;LOS CÓRDOBAS
23;23464;CÓRDOBA;MOMIL
23;23466;CÓRDOBA;MONTELÍBANO
23;23500;CÓRDOBA;MOÑITOS
23;23555;CÓRDOBA;PLANETA RICA
23;23570;CÓRDOBA;PUEBLO NUEVO
23;23574;CÓRDOBA;PUERTO ESCONDIDO
23;23580;CÓRDOBA;PUERTO LIBERTADOR
23;23586;CÓRDOBA;PURÍSIMA DE LA CONCEPCIÓN
23;23660;CÓRDOBA;SAHAGÚN
23;23670;CÓRDOBA;SAN ANDRÉS DE SOTAVENTO
23;23672;CÓRDOBA;SAN ANTERO
23;23675;CÓRDOBA;SAN BERNARDO DEL VIENTO
23;23678;CÓRDOBA;SAN CARLOS
23;23682;CÓRDOBA;SAN JOSÉ DE URÉ
23;23686;CÓRDOBA;SAN PELAYO
23;23807;CÓRDOBA;TIERRALTA
23;23815;CÓRDOBA;TUCHÍN
23;23855;CÓRDOBA;VALENCIA
25;25001;CUNDINAMARCA;AGUA DE DIOS
25;25019;CUNDINAMARCA;ALBÁN
25;25035;CUNDINAMARCA;ANAPOIMA
25;25040;CUNDINAMARCA;ANOLAIMA
25;25053;CUNDINAMARCA;ARBELÁEZ
25;25086;CUNDINAMARCA;BELTRÁN
25;25095;CUNDINAMARCA;BITUIMA
25;25099;CUNDINAMARCA;BOJACÁ
25;25120;CUNDINAMARCA;CABRERA
25;25123;CUNDINAMARCA;CACHIPAY
25;25126;CUNDINAMARCA;CAJICÁ
25;25148;CUNDINAMARCA;CAPARRAPÍ
25;25151;CUNDINAMARCA;CÁQUEZA
25;25154;CUNDINAMARCA;CARMEN DE CARUPA
25;25168;CUNDINAMARCA;CHAGUANÍ
25;25175;CUNDINAMARCA;CHÍA
25;25178;CUNDINAMARCA;CHIPAQUE
25;25181;CUNDINAMARCA;CHOACHÍ
25;25183;CUNDINAMARCA;CHOCONTÁ
25;25200;CUNDINAMARCA;COGUA
25;25214;CUNDINAMARCA;COTA
25;25224;CUNDINAMARCA;CUCUNUBÁ
25;25245;CUNDINAMARCA;EL COLEGIO
25;25258;CUNDINAMARCA;EL PEÑÓN
25;25260;CUNDINAMARCA;EL ROSAL
25;25269;CUNDINAMARCA;FACATATIVÁ
25;25279;CUNDINAMARCA;FÓMEQUE
25;25281;CUNDINAMARCA;FOSCA
25;25286;CUNDINAMARCA;FUNZA
25;25288;CUNDINAMARCA;FÚQUENE
25;25290;CUNDINAMARCA;FUSAGASUGÁ
25;25293;CUNDINAMARCA;GACHALÁ
25;25295;CUNDINAMARCA;GACHANCIPÁ
25;25297;CUNDINAMARCA;GACHETÁ
25;25299;CUNDINAMARCA;GAMA
25;25307;CUNDINAMARCA;GIRARDOT
25;25312;CUNDINAMARCA;GRANADA
25;25317;CUNDINAMARCA;GUACHETÁ
25;25320;CUNDINAMARCA;GUADUAS
25;25322;CUNDINAMARCA;GUASCA
25;25324;CUNDINAMARCA;GUATAQUÍ
25;25326;CUNDINAMARCA;GUATAVITA
25;25328;CUNDINAMARCA;GUAYABAL DE SÍQUIMA
25;25335;CUNDINAMARCA;GUAYABETAL
25;25339;CUNDINAMARCA;GUTIÉRREZ
25;25368;CUNDINAMARCA;JERUSALÉN
25;25372;CUNDINAMARCA;JUNÍN
25;25377;CUNDINAMARCA;LA CALERA
25;25386;CUNDINAMARCA;LA MESA
25;25394;CUNDINAMARCA;LA PALMA
25;25398;CUNDINAMARCA;LA PEÑA
25;25402;CUNDINAMARCA;LA VEGA
25;25407;CUNDINAMARCA;LENGUAZAQUE
25;25426;CUNDINAMARCA;MACHETÁ
25;25430;CUNDINAMARCA;MADRID
25;25436;CUNDINAMARCA;MANTA
25;25438;CUNDINAMARCA;MEDINA
25;25473;CUNDINAMARCA;MOSQUERA
25;25483;CUNDINAMARCA;NARIÑO
25;25486;CUNDINAMARCA;NEMOCÓN
25;25488;CUNDINAMARCA;NILO
25;25489;CUNDINAMARCA;NIMAIMA
25;25491;CUNDINAMARCA;NOCAIMA
25;25506;CUNDINAMARCA;VENECIA
25;25513;CUNDINAMARCA;PACHO
25;25518;CUNDINAMARCA;PAIME
25;25524;CUNDINAMARCA;PANDI
25;25530;CUNDINAMARCA;PARATEBUENO
25;25535;CUNDINAMARCA;PASCA
25;25572;CUNDINAMARCA;PUERTO SALGAR
25;25580;CUNDINAMARCA;PULÍ
25;25592;CUNDINAMARCA;QUEBRADANEGRA
25;25594;CUNDINAMARCA;QUETAME
25;25596;CUNDINAMARCA;QUIPILE
25;25599;CUNDINAMARCA;APULO
25;25612;CUNDINAMARCA;RICAURTE
25;25645;CUNDINAMARCA;SAN ANTONIO DEL TEQUENDAMA
25;25649;CUNDINAMARCA;SAN BERNARDO
25;25653;CUNDINAMARCA;SAN CAYETANO
25;25658;CUNDINAMARCA;SAN FRANCISCO
25;25662;CUNDINAMARCA;SAN JUAN DE RIOSECO
25;25718;CUNDINAMARCA;SASAIMA
25;25736;CUNDINAMARCA;SESQUILÉ
25;25740;CUNDINAMARCA;SIBATÉ
25;25743;CUNDINAMARCA;SILVANIA
25;25745;CUNDINAMARCA;SIMIJACA
25;25754;CUNDINAMARCA;SOACHA
25;25758;CUNDINAMARCA;SOPÓ
25;25769;CUNDINAMARCA;SUBACHOQUE
25;25772;CUNDINAMARCA;SUESCA
25;25777;CUNDINAMARCA;SUPATÁ
25;25779;CUNDINAMARCA;SUSA
25;25781;CUNDINAMARCA;SUTATAUSA
25;25785;CUNDINAMARCA;TABIO
25;25793;CUNDINAMARCA;TAUSA
25;25797;CUNDINAMARCA;TENA
25;25799;CUNDINAMARCA;TENJO
25;25805;CUNDINAMARCA;TIBACUY
25;25807;CUNDINAMARCA;TIBIRITA
25;25815;CUNDINAMARCA;TOCAIMA
25;25817;CUNDINAMARCA;TOCANCIPÁ
25;25823;CUNDINAMARCA;TOPAIPÍ
25;25839;CUNDINAMARCA;UBALÁ
25;25841;CUNDINAMARCA;UBAQUE
25;25843;CUNDINAMARCA;VILLA DE SAN DIEGO DE UBATÉ
25;25845;CUNDINAMARCA;UNE
25;25851;CUNDINAMARCA;ÚTICA
25;25862;CUNDINAMARCA;VERGARA
25;25867;CUNDINAMARCA;VIANÍ
25;25871;CUNDINAMARCA;VILLAGÓMEZ
25;25873;CUNDINAMARCA;VILLAPINZÓN
25;25875;CUNDINAMARCA;VILLETA
25;25878;CUNDINAMARCA;VIOTÁ
25;25885;CUNDINAMARCA;YACOPÍ
25;25898;CUNDINAMARCA;ZIPACÓN
25;25899;CUNDINAMARCA;ZIPAQUIRÁ
27;27001;CHOCÓ;QUIBDÓ
27;27006;CHOCÓ;ACANDÍ
27;27025;CHOCÓ;ALTO BAUDÓ
27;27050;CHOCÓ;ATRATO
27;27073;CHOCÓ;BAGADÓ
27;27075;CHOCÓ;BAHÍA SOLANO
27;27077;CHOCÓ;BAJO BAUDÓ
27;27099;CHOCÓ;BOJAYÁ
27;27135;CHOCÓ;EL CANTÓN DEL SAN PABLO
27;27150;CHOCÓ;CARMEN DEL DARIÉN
27;27160;CHOCÓ;CÉRTEGUI
27;27205;CHOCÓ;CONDOTO
27;27245;CHOCÓ;EL CARMEN DE ATRATO
27;27250;CHOCÓ;EL LITORAL DEL SAN JUAN
27;27361;CHOCÓ;ISTMINA
27;27372;CHOCÓ;JURADÓ
27;27413;CHOCÓ;LLORÓ
27;27425;CHOCÓ;MEDIO ATRATO
27;27430;CHOCÓ;MEDIO BAUDÓ
27;27450;CHOCÓ;MEDIO SAN JUAN
27;27491;CHOCÓ;NÓVITA
27;27495;CHOCÓ;NUQUÍ
27;27580;CHOCÓ;RÍO IRÓ
27;27600;CHOCÓ;RÍO QUITO
27;27615;CHOCÓ;RIOSUCIO
27;27660;CHOCÓ;SAN JOSÉ DEL PALMAR
27;27745;CHOCÓ;SIPÍ
27;27787;CHOCÓ;TADÓ
27;27800;CHOCÓ;UNGUÍA
27;27810;CHOCÓ;UNIÓN PANAMERICANA
41;41001;HUILA;NEIVA
41;41006;HUILA;ACEVEDO
41;41013;HUILA;AGRADO
41;41016;HUILA;AIPE
41;41020;HUILA;ALGECIRAS
41;41026;HUILA;ALTAMIRA
41;41078;HUILA;BARAYA
41;41132;HUILA;CAMPOALEGRE
41;41206;HUILA;COLOMBIA
41;41244;HUILA;ELÍAS
41;41298;HUILA;GARZÓN
41;41306;HUILA;GIGANTE
41;41319;HUILA;GUADALUPE
41;41349;HUILA;HOBO
41;41357;HUILA;ÍQUIRA
41;41359;HUILA;ISNOS
41;41378;HUILA;LA ARGENTINA
41;41396;HUILA;LA PLATA
41;41483;HUILA;NÁTAGA
41;41503;HUILA;OPORAPA
41;41518;HUILA;PAICOL
41;41524;HUILA;PALERMO
41;41530;HUILA;PALESTINA
41;41548;HUILA;PITAL
41;41551;HUILA;PITALITO
41;41615;HUILA;RIVERA
41;41660;HUILA;SALADOBLANCO
41;41668;HUILA;SAN AGUSTÍN
41;41676;HUILA;SANTA MARÍA
41;41770;HUILA;SUAZA
41;41791;HUILA;TARQUI
41;41797;HUILA;TESALIA
41;41799;HUILA;TELLO
41;41801;HUILA;TERUEL
41;41807;HUILA;TIMANÁ
41;41872;HUILA;VILLAVIEJA
41;41885;HUILA;YAGUARÁ
44;44001;LA GUAJIRA;RIOHACHA
44;44035;LA GUAJIRA;ALBANIA
44;44078;LA GUAJIRA;BARRANCAS
44;44090;LA GUAJIRA;DIBULLA
44;44098;LA GUAJIRA;DISTRACCIÓN
44;44110;LA GUAJIRA;EL MOLINO
44;44279;LA GUAJIRA;FONSECA
44;44378;LA GUAJIRA;HATONUEVO
44;44420;LA GUAJIRA;LA JAGUA DEL PILAR
44;44430;LA GUAJIRA;MAICAO
44;44560;LA GUAJIRA;MANAURE
44;44650;LA GUAJIRA;SAN JUAN DEL CESAR
44;44847;LA GUAJIRA;URIBIA
44;44855;LA GUAJIRA;URUMITA
44;44874;LA GUAJIRA;VILLANUEVA
47;47001;MAGDALENA;SANTA MARTA
47;47030;MAGDALENA;ALGARROBO
47;47053;MAGDALENA;ARACATACA
47;47058;MAGDALENA;ARIGUANÍ
47;47161;MAGDALENA;CERRO DE SAN ANTONIO
47;47170;MAGDALENA;CHIVOLO
47;47189;MAGDALENA;CIÉNAGA
47;47205;MAGDALENA;CONCORDIA
47;47245;MAGDALENA;EL BANCO
47;47258;MAGDALENA;EL PIÑÓN
47;47268;MAGDALENA;EL RETÉN
47;47288;MAGDALENA;FUNDACIÓN
47;47318;MAGDALENA;GUAMAL
47;47460;MAGDALENA;NUEVA GRANADA
47;47541;MAGDALENA;PEDRAZA
47;47545;MAGDALENA;PIJIÑO DEL CARMEN
47;47551;MAGDALENA;PIVIJAY
47;47555;MAGDALENA;PLATO
47;47570;MAGDALENA;PUEBLOVIEJO
47;47605;MAGDALENA;REMOLINO
47;47660;MAGDALENA;SABANAS DE SAN ÁNGEL
47;47675;MAGDALENA;SALAMINA
47;47692;MAGDALENA;SAN SEBASTIÁN DE BUENAVISTA
47;47703;MAGDALENA;SAN ZENÓN
47;47707;MAGDALENA;SANTA ANA
47;47720;MAGDALENA;SANTA BÁRBARA DE PINTO
47;47745;MAGDALENA;SITIONUEVO
47;47798;MAGDALENA;TENERIFE
47;47960;MAGDALENA;ZAPAYÁN
47;47980;MAGDALENA;ZONA BANANERA
50;50001;META;VILLAVICENCIO
50;50006;META;ACACÍAS
50;50110;META;BARRANCA DE UPÍA
50;50124;META;CABUYARO
50;50150;META;CASTILLA LA NUEVA
50;50223;META;CUBARRAL
50;50226;META;CUMARAL
50;50245;META;EL CALVARIO
50;50251;META;EL CASTILLO
50;50270;META;EL DORADO
50;50287;META;FUENTE DE ORO
50;50313;META;GRANADA
50;50318;META;GUAMAL
50;50325;META;MAPIRIPÁN
50;50330;META;MESETAS
50;50350;META;LA MACARENA
50;50370;META;URIBE
50;50400;META;LEJANÍAS
50;50450;META;PUERTO CONCORDIA
50;50568;META;PUERTO GAITÁN
50;50573;META;PUERTO LÓPEZ
50;50577;META;PUERTO LLERAS
50;50590;META;PUERTO RICO
50;50606;META;RESTREPO
50;50680;META;SAN CARLOS DE GUAROA
50;50683;META;SAN JUAN DE ARAMA
50;50686;META;SAN JUANITO
50;50689;META;SAN MARTÍN
50;50711;META;VISTAHERMOSA
52;52001;NARIÑO;PASTO
52;52019;NARIÑO;ALBÁN
52;52022;NARIÑO;ALDANA
52;52036;NARIÑO;ANCUYA
52;52051;NARIÑO;ARBOLEDA
52;52079;NARIÑO;BARBACOAS
52;52083;NARIÑO;BELÉN
52;52110;NARIÑO;BUESACO
52;52203;NARIÑO;COLÓN
52;52207;NARIÑO;CONSACÁ
52;52210;NARIÑO;CONTADERO
52;52215;NARIÑO;CÓRDOBA
52;52224;NARIÑO;CUASPUD CARLOSAMA
52;52227;NARIÑO;CUMBAL
52;52233;NARIÑO;CUMBITARA
52;52240;NARIÑO;CHACHAGÜÍ
52;52250;NARIÑO;EL CHARCO
52;52254;NARIÑO;EL PEÑOL
52;52256;NARIÑO;EL ROSARIO
52;52258;NARIÑO;EL TABLÓN DE GÓMEZ
52;52260;NARIÑO;EL TAMBO
52;52287;NARIÑO;FUNES
52;52317;NARIÑO;GUACHUCAL
52;52320;NARIÑO;GUAITARILLA
52;52323;NARIÑO;GUALMATÁN
52;52352;NARIÑO;ILES
52;52354;NARIÑO;IMUÉS
52;52356;NARIÑO;IPIALES
52;52378;NARIÑO;LA CRUZ
52;52381;NARIÑO;LA FLORIDA
52;52385;NARIÑO;LA LLANADA
52;52390;NARIÑO;LA TOLA
52;52399;NARIÑO;LA UNIÓN
52;52405;NARIÑO;LEIVA
52;52411;NARIÑO;LINARES
52;52418;NARIÑO;LOS ANDES
52;52427;NARIÑO;MAGÜÍ
52;52435;NARIÑO;MALLAMA
52;52473;NARIÑO;MOSQUERA
52;52480;NARIÑO;NARIÑO
52;52490;NARIÑO;OLAYA HERRERA
52;52506;NARIÑO;OSPINA
52;52520;NARIÑO;FRANCISCO PIZARRO
52;52540;NARIÑO;POLICARPA
52;52560;NARIÑO;POTOSÍ
52;52565;NARIÑO;PROVIDENCIA
52;52573;NARIÑO;PUERRES
52;52585;NARIÑO;PUPIALES
52;52612;NARIÑO;RICAURTE
52;52621;NARIÑO;ROBERTO PAYÁN
52;52678;NARIÑO;SAMANIEGO
52;52683;NARIÑO;SANDONÁ
52;52685;NARIÑO;SAN BERNARDO
52;52687;NARIÑO;SAN LORENZO
52;52693;NARIÑO;SAN PABLO
52;52694;NARIÑO;SAN PEDRO DE CARTAGO
52;52696;NARIÑO;SANTA BÁRBARA
52;52699;NARIÑO;SANTACRUZ
52;52720;NARIÑO;SAPUYES
52;52786;NARIÑO;TAMINANGO
52;52788;NARIÑO;TANGUA
52;52835;NARIÑO;SAN ANDRÉS DE TUMACO
52;52838;NARIÑO;TÚQUERRES
52;52885;NARIÑO;YACUANQUER
54;54001;NORTE DE SANTANDER;SAN JOSÉ DE CÚCUTA
54;54003;NORTE DE SANTANDER;ÁBREGO
54;54051;NORTE DE SANTANDER;ARBOLEDAS
54;54099;NORTE DE SANTANDER;BOCHALEMA
54;54109;NORTE DE SANTANDER;BUCARASICA
54;54125;NORTE DE SANTANDER;CÁCOTA
54;54128;NORTE DE SANTANDER;CÁCHIRA
54;54172;NORTE DE SANTANDER;CHINÁCOTA
54;54174;NORTE DE SANTANDER;CHITAGÁ
54;54206;NORTE DE SANTANDER;CONVENCIÓN
54;54223;NORTE DE SANTANDER;CUCUTILLA
54;54239;NORTE DE SANTANDER;DURANIA
54;54245;NORTE DE SANTANDER;EL CARMEN
54;54250;NORTE DE SANTANDER;EL TARRA
54;54261;NORTE DE SANTANDER;EL ZULIA
54;54313;NORTE DE SANTANDER;GRAMALOTE
54;54344;NORTE DE SANTANDER;HACARÍ
54;54347;NORTE DE SANTANDER;HERRÁN
54;54377;NORTE DE SANTANDER;LABATECA
54;54385;NORTE DE SANTANDER;LA ESPERANZA
54;54398;NORTE DE SANTANDER;LA PLAYA
54;54405;NORTE DE SANTANDER;LOS PATIOS
54;54418;NORTE DE SANTANDER;LOURDES
54;54480;NORTE DE SANTANDER;MUTISCUA
54;54498;NORTE DE SANTANDER;OCAÑA
54;54518;NORTE DE SANTANDER;PAMPLONA
54;54520;NORTE DE SANTANDER;PAMPLONITA
54;54553;NORTE DE SANTANDER;PUERTO SANTANDER
54;54599;NORTE DE SANTANDER;RAGONVALIA
54;54660;NORTE DE SANTANDER;SALAZAR
54;54670;NORTE DE SANTANDER;SAN CALIXTO
54;54673;NORTE DE SANTANDER;SAN CAYETANO
54;54680;NORTE DE SANTANDER;SANTIAGO
54;54720;NORTE DE SANTANDER;SARDINATA
54;54743;NORTE DE SANTANDER;SILOS
54;54800;NORTE DE SANTANDER;TEORAMA
54;54810;NORTE DE SANTANDER;TIBÚ
54;54820;NORTE DE SANTANDER;TOLEDO
54;54871;NORTE DE SANTANDER;VILLA CARO
54;54874;NORTE DE SANTANDER;VILLA DEL ROSARIO
63;63001;QUINDÍO;ARMENIA
63;63111;QUINDÍO;BUENAVISTA
63;63130;QUINDÍO;CALARCÁ
63;63190;QUINDÍO;CIRCASIA
63;63212;QUINDÍO;CÓRDOBA
63;63272;QUINDÍO;FILANDIA
63;63302;QUINDÍO;GÉNOVA
63;63401;QUINDÍO;LA TEBAIDA
63;63470;QUINDÍO;MONTENEGRO
63;63548;QUINDÍO;PIJAO
63;63594;QUINDÍO;QUIMBAYA
63;63690;QUINDÍO;SALENTO
66;66001;RISARALDA;PEREIRA
66;66045;RISARALDA;APÍA
66;66075;RISARALDA;BALBOA
66;66088;RISARALDA;BELÉN DE UMBRÍA
66;66170;RISARALDA;DOSQUEBRADAS
66;66318;RISARALDA;GUÁTICA
66;66383;RISARALDA;LA CELIA
66;66400;RISARALDA;LA VIRGINIA
66;66440;RISARALDA;MARSELLA
66;66456;RISARALDA;MISTRATÓ
66;66572;RISARALDA;PUEBLO RICO
66;66594;RISARALDA;QUINCHÍA
66;66682;RISARALDA;SANTA ROSA DE CABAL
66;66687;RISARALDA;SANTUARIO
68;68001;SANTANDER;BUCARAMANGA
68;68013;SANTANDER;AGUADA
68;68020;SANTANDER;ALBANIA
68;68051;SANTANDER;ARATOCA
68;68077;SANTANDER;BARBOSA
68;68079;SANTANDER;BARICHARA
68;68081;SANTANDER;BARRANCABERMEJA
68;68092;SANTANDER;BETULIA
68;68101;SANTANDER;BOLÍVAR
68;68121;SANTANDER;CABRERA
68;68132;SANTANDER;CALIFORNIA
68;68147;SANTANDER;CAPITANEJO
68;68152;SANTANDER;CARCASÍ
68;68160;SANTANDER;CEPITÁ
68;68162;SANTANDER;CERRITO
68;68167;SANTANDER;CHARALÁ
68;68169;SANTANDER;CHARTA
68;68176;SANTANDER;CHIMA
68;68179;SANTANDER;CHIPATÁ
68;68190;SANTANDER;CIMITARRA
68;68207;SANTANDER;CONCEPCIÓN
68;68209;SANTANDER;CONFINES
68;68211;SANTANDER;CONTRATACIÓN
68;68217;SANTANDER;COROMORO
68;68229;SANTANDER;CURITÍ
68;68235;SANTANDER;EL CARMEN DE CHUCURI
68;68245;SANTANDER;EL GUACAMAYO
68;68250;SANTANDER;EL PEÑÓN
68;68255;SANTANDER;EL PLAYÓN
68;68264;SANTANDER;ENCINO
68;68266;SANTANDER;ENCISO
68;68271;SANTANDER;FLORIÁN
68;68276;SANTANDER;FLORIDABLANCA
68;68296;SANTANDER;GALÁN
68;68298;SANTANDER;GÁMBITA
68;68307;SANTANDER;GIRÓN
68;68318;SANTANDER;GUACA
68;68320;SANTANDER;GUADALUPE
68;68322;SANTANDER;GUAPOTÁ
68;68324;SANTANDER;GUAVATÁ
68;68327;SANTANDER;GÜEPSA
68;68344;SANTANDER;HATO
68;68368;SANTANDER;JESÚS MARÍA
68;68370;SANTANDER;JORDÁN
68;68377;SANTANDER;LA BELLEZA
68;68385;SANTANDER;LANDÁZURI
68;68397;SANTANDER;LA PAZ
68;68406;SANTANDER;LEBRIJA
68;68418;SANTANDER;LOS SANTOS
68;68425;SANTANDER;MACARAVITA
68;68432;SANTANDER;MÁLAGA
68;68444;SANTANDER;MATANZA
68;68464;SANTANDER;MOGOTES
68;68468;SANTANDER;MOLAGAVITA
68;68498;SANTANDER;OCAMONTE
68;68500;SANTANDER;OIBA
68;68502;SANTANDER;ONZAGA
68;68522;SANTANDER;PALMAR
68;68524;SANTANDER;PALMAS DEL SOCORRO
68;68533;SANTANDER;PÁRAMO
68;68547;SANTANDER;PIEDECUESTA
68;68549;SANTANDER;PINCHOTE
68;68572;SANTANDER;PUENTE NACIONAL
68;68573;SANTANDER;PUERTO PARRA
68;68575;SANTANDER;PUERTO WILCHES
68;68615;SANTANDER;RIONEGRO
68;68655;SANTANDER;SABANA DE TORRES
68;68669;SANTANDER;SAN ANDRÉS
68;68673;SANTANDER;SAN BENITO
68;68679;SANTANDER;SAN GIL
68;68682;SANTANDER;SAN JOAQUÍN
68;68684;SANTANDER;SAN JOSÉ DE MIRANDA
68;68686;SANTANDER;SAN MIGUEL
68;68689;SANTANDER;SAN VICENTE DE CHUCURÍ
68;68705;SANTANDER;SANTA BÁRBARA
68;68720;SANTANDER;SANTA HELENA DEL OPÓN
68;68745;SANTANDER;SIMACOTA
68;68755;SANTANDER;SOCORRO
68;68770;SANTANDER;SUAITA
68;68773;SANTANDER;SUCRE
68;68780;SANTANDER;SURATÁ
68;68820;SANTANDER;TONA
68;68855;SANTANDER;VALLE DE SAN JOSÉ
68;68861;SANTANDER;VÉLEZ
68;68867;SANTANDER;VETAS
68;68872;SANTANDER;VILLANUEVA
68;68895;SANTANDER;ZAPATOCA
70;70001;SUCRE;SINCELEJO
70;70110;SUCRE;BUENAVISTA
70;70124;SUCRE;CAIMITO
70;70204;SUCRE;COLOSÓ
70;70215;SUCRE;COROZAL
70;70221;SUCRE;COVEÑAS
70;70230;SUCRE;CHALÁN
70;70233;SUCRE;EL ROBLE
70;70235;SUCRE;GALERAS
70;70265;SUCRE;GUARANDA
70;70400;SUCRE;LA UNIÓN
70;70418;SUCRE;LOS PALMITOS
70;70429;SUCRE;MAJAGUAL
70;70473;SUCRE;MORROA
70;70508;SUCRE;OVEJAS
70;70523;SUCRE;PALMITO
70;70670;SUCRE;SAMPUÉS
70;70678;SUCRE;SAN BENITO ABAD
70;70702;SUCRE;SAN JUAN DE BETULIA
70;70708;SUCRE;SAN MARCOS
70;70713;SUCRE;SAN ONOFRE
70;70717;SUCRE;SAN PEDRO
70;70742;SUCRE;SAN LUIS DE SINCÉ
70;70771;SUCRE;SUCRE
70;70820;SUCRE;SANTIAGO DE TOLÚ
70;70823;SUCRE;SAN JOSÉ DE TOLUVIEJO
73;73001;TOLIMA;IBAGUÉ
73;73024;TOLIMA;ALPUJARRA
73;73026;TOLIMA;ALVARADO
73;73030;TOLIMA;AMBALEMA
73;73043;TOLIMA;ANZOÁTEGUI
73;73055;TOLIMA;ARMERO
73;73067;TOLIMA;ATACO
73;73124;TOLIMA;CAJAMARCA
73;73148;TOLIMA;CARMEN DE APICALÁ
73;73152;TOLIMA;CASABIANCA
73;73168;TOLIMA;CHAPARRAL
73;73200;TOLIMA;COELLO
73;73217;TOLIMA;COYAIMA
73;73226;TOLIMA;CUNDAY
73;73236;TOLIMA;DOLORES
73;73268;TOLIMA;ESPINAL
73;73270;TOLIMA;FALAN
73;73275;TOLIMA;FLANDES
73;73283;TOLIMA;FRESNO
73;73319;TOLIMA;GUAMO
73;73347;TOLIMA;HERVEO
73;73349;TOLIMA;HONDA
73;73352;TOLIMA;ICONONZO
73;73408;TOLIMA;LÉRIDA
73;73411;TOLIMA;LÍBANO
73;73443;TOLIMA;SAN SEBASTIÁN DE MARIQUITA
73;73449;TOLIMA;MELGAR
73;73461;TOLIMA;MURILLO
73;73483;TOLIMA;NATAGAIMA
73;73504;TOLIMA;ORTEGA
73;73520;TOLIMA;PALOCABILDO
73;73547;TOLIMA;PIEDRAS
73;73555;TOLIMA;PLANADAS
73;73563;TOLIMA;PRADO
73;73585;TOLIMA;PURIFICACIÓN
73;73616;TOLIMA;RIOBLANCO
73;73622;TOLIMA;RONCESVALLES
73;73624;TOLIMA;ROVIRA
73;73671;TOLIMA;SALDAÑA
73;73675;TOLIMA;SAN ANTONIO
73;73678;TOLIMA;SAN LUIS
73;73686;TOLIMA;SANTA ISABEL
73;73770;TOLIMA;SUÁREZ
73;73854;TOLIMA;VALLE DE SAN JUAN
73;73861;TOLIMA;VENADILLO
73;73870;TOLIMA;VILLAHERMOSA
73;73873;TOLIMA;VILLARRICA
76;76001;VALLE DEL CAUCA;CALI
76;76020;VALLE DEL CAUCA;ALCALÁ
76;76036;VALLE DEL CAUCA;ANDALUCÍA
76;76041;VALLE DEL CAUCA;ANSERMANUEVO
76;76054;VALLE DEL CAUCA;ARGELIA
76;76100;VALLE DEL CAUCA;BOLÍVAR
76;76109;VALLE DEL CAUCA;BUENAVENTURA
76;76111;VALLE DEL CAUCA;GUADALAJARA DE BUGA
76;76113;VALLE DEL CAUCA;BUGALAGRANDE
76;76122;VALLE DEL CAUCA;CAICEDONIA
76;76126;VALLE DEL CAUCA;CALIMA
76;76130;VALLE DEL CAUCA;CANDELARIA
76;76147;VALLE DEL CAUCA;CARTAGO
76;76233;VALLE DEL CAUCA;DAGUA
76;76243;VALLE DEL CAUCA;EL ÁGUILA
76;76246;VALLE DEL CAUCA;EL CAIRO
76;76248;VALLE DEL CAUCA;EL CERRITO
76;76250;VALLE DEL CAUCA;EL DOVIO
76;76275;VALLE DEL CAUCA;FLORIDA
76;76306;VALLE DEL CAUCA;GINEBRA
76;76318;VALLE DEL CAUCA;GUACARÍ
76;76364;VALLE DEL CAUCA;JAMUNDÍ
76;76377;VALLE DEL CAUCA;LA CUMBRE
76;76400;VALLE DEL CAUCA;LA UNIÓN
76;76403;VALLE DEL CAUCA;LA VICTORIA
76;76497;VALLE DEL CAUCA;OBANDO
76;76520;VALLE DEL CAUCA;PALMIRA
76;76563;VALLE DEL CAUCA;PRADERA
76;76606;VALLE DEL CAUCA;RESTREPO
76;76616;VALLE DEL CAUCA;RIOFRÍO
76;76622;VALLE DEL CAUCA;ROLDANILLO
76;76670;VALLE DEL CAUCA;SAN PEDRO
76;76736;VALLE DEL CAUCA;SEVILLA
76;76823;VALLE DEL CAUCA;TORO
76;76828;VALLE DEL CAUCA;TRUJILLO
76;76834;VALLE DEL CAUCA;TULUÁ
76;76845;VALLE DEL CAUCA;ULLOA
76;76863;VALLE DEL CAUCA;VERSALLES
76;76869;VALLE DEL CAUCA;VIJES
76;76890;VALLE DEL CAUCA;YOTOCO
76;76892;VALLE DEL CAUCA;YUMBO
76;76895;VALLE DEL CAUCA;ZARZAL
81;81001;ARAUCA;ARAUCA
81;81065;ARAUCA;ARAUQUITA
81;81220;ARAUCA;CRAVO NORTE
81;81300;ARAUCA;FORTUL
81;81591;ARAUCA;PUERTO RONDÓN
81;81736;ARAUCA;SARAVENA
81;81794;ARAUCA;TAME
85;85001;CASANARE;YOPAL
85;85010;CASANARE;AGUAZUL
85;85015;CASANARE;CHÁMEZA
85;85125;CASANARE;HATO COROZAL
85;85136;CASANARE;LA SALINA
85;85139;CASANARE;MANÍ
85;85162;CASANARE;MONTERREY
85;85225;CASANARE;NUNCHÍA
85;85230;CASANARE;OROCUÉ
85;85250;CASANARE;PAZ DE ARIPORO
85;85263;CASANARE;PORE
85;85279;CASANARE;RECETOR
85;85300;CASANARE;SABANALARGA
85;85315;CASANARE;SÁCAMA
85;85325;CASANARE;SAN LUIS DE PALENQUE
85;85400;CASANARE;TÁMARA
85;85410;CASANARE;TAURAMENA
85;85430;CASANARE;TRINIDAD
85;85440;CASANARE;VILLANUEVA
86;86001;PUTUMAYO;MOCOA
86;86219;PUTUMAYO;COLÓN
86;86320;PUTUMAYO;ORITO
86;86568;PUTUMAYO;PUERTO ASÍS
86;86569;PUTUMAYO;PUERTO CAICEDO
86;86571;PUTUMAYO;PUERTO GUZMÁN
86;86573;PUTUMAYO;PUERTO LEGUÍZAMO
86;86749;PUTUMAYO;SIBUNDOY
86;86755;PUTUMAYO;SAN FRANCISCO
86;86757;PUTUMAYO;SAN MIGUEL
86;86760;PUTUMAYO;SANTIAGO
86;86865;PUTUMAYO;VALLE DEL GUAMUEZ
86;86885;PUTUMAYO;VILLAGARZÓN
88;88001;ARCHIPIÉLAGO DE SAN ANDRÉS. PROVIDENCIA Y SANTA CATALINA;SAN ANDRÉS
88;88564;ARCHIPIÉLAGO DE SAN ANDRÉS. PROVIDENCIA Y SANTA CATALINA;PROVIDENCIA
91;91001;AMAZONAS;LETICIA
91;91540;AMAZONAS;PUERTO NARIÑO
94;94001;GUAINÍA;INÍRIDA
94;94343;GUAINÍA;BARRANCOMINAS
95;95001;GUAVIARE;SAN JOSÉ DEL GUAVIARE
95;95015;GUAVIARE;CALAMAR
95;95025;GUAVIARE;EL RETORNO
95;95200;GUAVIARE;MIRAFLORES
97;97001;VAUPÉS;MITÚ
97;97161;VAUPÉS;CARURÚ
97;97666;VAUPÉS;TARAIRA
99;99001;VICHADA;PUERTO CARREÑO
99;99524;VICHADA;LA PRIMAVERA
99;99624;VICHADA;SANTA ROSALÍA
99;99773;VICHADA;CUMARIBO
