codigo_departamento;codigo_municipio;nombre_departamento;nombre_municipio;departamento_guid
05;05001;ANTIOQUIA;MEDELLÍN;afdb15f0-6eba-4e49-92fb-9c3721b94f8f
05;05002;ANTIOQUIA;ABEJORRAL;afdb15f0-6eba-4e49-92fb-9c3721b94f8f
05;05004;ANTIOQUIA;ABRIAQUÍ;afdb15f0-6eba-4e49-92fb-9c3721b94f8f
05;05021;ANTIOQUIA;ALEJANDRÍA;afdb15f0-6eba-4e49-92fb-9c3721b94f8f
05;05030;ANTIOQUIA;AMAGÁ;afdb15f0-6eba-4e49-92fb-9c3721b94f8f
05;05031;ANTIOQUIA;AMALFI;afdb15f0-6eba-4e49-92fb-9c3721b94f8f
05;05034;ANTIOQUIA;ANDES;afdb15f0-6eba-4e49-92fb-9c3721b94f8f
05;05036;ANTIOQUIA;ANGELÓPOLIS;afdb15f0-6eba-4e49-92fb-9c3721b94f8f
05;05038;ANTIOQUIA;ANGOSTURA;afdb15f0-6eba-4e49-92fb-9c3721b94f8f
05;05040;ANTIOQUIA;ANORÍ;afdb15f0-6eba-4e49-92fb-9c3721b94f8f
05;05042;ANTIOQUIA;SANTA FÉ DE ANTIOQUIA;afdb15f0-6eba-4e49-92fb-9c3721b94f8f
05;05044;ANTIOQUIA;ANZÁ;afdb15f0-6eba-4e49-92fb-9c3721b94f8f
05;05045;ANTIOQUIA;APARTADÓ;afdb15f0-6eba-4e49-92fb-9c3721b94f8f
05;05051;ANTIOQUIA;ARBOLETES;afdb15f0-6eba-4e49-92fb-9c3721b94f8f
05;05055;ANTIOQUIA;ARGELIA;afdb15f0-6eba-4e49-92fb-9c3721b94f8f
05;05059;ANTIOQUIA;ARMENIA;afdb15f0-6eba-4e49-92fb-9c3721b94f8f
05;05079;ANTIOQUIA;BARBOSA;afdb15f0-6eba-4e49-92fb-9c3721b94f8f
05;05086;ANTIOQUIA;BELMIRA;afdb15f0-6eba-4e49-92fb-9c3721b94f8f
05;05088;ANTIOQUIA;BELLO;afdb15f0-6eba-4e49-92fb-9c3721b94f8f
05;05091;ANTIOQUIA;BETANIA;afdb15f0-6eba-4e49-92fb-9c3721b94f8f
05;05093;ANTIOQUIA;BETULIA;afdb15f0-6eba-4e49-92fb-9c3721b94f8f
05;05101;ANTIOQUIA;CIUDAD BOLÍVAR;afdb15f0-6eba-4e49-92fb-9c3721b94f8f
05;05107;ANTIOQUIA;BRICEÑO;afdb15f0-6eba-4e49-92fb-9c3721b94f8f
05;05113;ANTIOQUIA;BURITICÁ;afdb15f0-6eba-4e49-92fb-9c3721b94f8f
05;05120;ANTIOQUIA;CÁCERES;afdb15f0-6eba-4e49-92fb-9c3721b94f8f
05;05125;ANTIOQUIA;CAICEDO;afdb15f0-6eba-4e49-92fb-9c3721b94f8f
05;05129;ANTIOQUIA;CALDAS;afdb15f0-6eba-4e49-92fb-9c3721b94f8f
05;05134;ANTIOQUIA;CAMPAMENTO;afdb15f0-6eba-4e49-92fb-9c3721b94f8f
05;05138;ANTIOQUIA;CAÑASGORDAS;afdb15f0-6eba-4e49-92fb-9c3721b94f8f
05;05142;ANTIOQUIA;CARACOLÍ;afdb15f0-6eba-4e49-92fb-9c3721b94f8f
05;05145;ANTIOQUIA;CARAMANTA;afdb15f0-6eba-4e49-92fb-9c3721b94f8f
05;05147;ANTIOQUIA;CAREPA;afdb15f0-6eba-4e49-92fb-9c3721b94f8f
05;05148;ANTIOQUIA;EL CARMEN DE VIBORAL;afdb15f0-6eba-4e49-92fb-9c3721b94f8f
05;05150;ANTIOQUIA;CAROLINA;afdb15f0-6eba-4e49-92fb-9c3721b94f8f
05;05154;ANTIOQUIA;CAUCASIA;afdb15f0-6eba-4e49-92fb-9c3721b94f8f
05;05172;ANTIOQUIA;CHIGORODÓ;afdb15f0-6eba-4e49-92fb-9c3721b94f8f
05;05190;ANTIOQUIA;CISNEROS;afdb15f0-6eba-4e49-92fb-9c3721b94f8f
05;05197;ANTIOQUIA;COCORNÁ;afdb15f0-6eba-4e49-92fb-9c3721b94f8f
05;05206;ANTIOQUIA;CONCEPCIÓN;afdb15f0-6eba-4e49-92fb-9c3721b94f8f
05;05209;ANTIOQUIA;CONCORDIA;afdb15f0-6eba-4e49-92fb-9c3721b94f8f
05;05212;ANTIOQUIA;COPACABANA;afdb15f0-6eba-4e49-92fb-9c3721b94f8f
05;05234;ANTIOQUIA;DABEIBA;afdb15f0-6eba-4e49-92fb-9c3721b94f8f
05;05237;ANTIOQUIA;DONMATÍAS;afdb15f0-6eba-4e49-92fb-9c3721b94f8f
05;05240;ANTIOQUIA;EBÉJICO;afdb15f0-6eba-4e49-92fb-9c3721b94f8f
05;05250;ANTIOQUIA;EL BAGRE;afdb15f0-6eba-4e49-92fb-9c3721b94f8f
05;05264;ANTIOQUIA;ENTRERRÍOS;afdb15f0-6eba-4e49-92fb-9c3721b94f8f
05;05266;ANTIOQUIA;ENVIGADO;afdb15f0-6eba-4e49-92fb-9c3721b94f8f
05;05282;ANTIOQUIA;FREDONIA;afdb15f0-6eba-4e49-92fb-9c3721b94f8f
05;05284;ANTIOQUIA;FRONTINO;afdb15f0-6eba-4e49-92fb-9c3721b94f8f
05;05306;ANTIOQUIA;GIRALDO;afdb15f0-6eba-4e49-92fb-9c3721b94f8f
05;05308;ANTIOQUIA;GIRARDOTA;afdb15f0-6eba-4e49-92fb-9c3721b94f8f
05;05310;ANTIOQUIA;GÓMEZ PLATA;afdb15f0-6eba-4e49-92fb-9c3721b94f8f
05;05313;ANTIOQUIA;GRANADA;afdb15f0-6eba-4e49-92fb-9c3721b94f8f
05;05315;ANTIOQUIA;GUADALUPE;afdb15f0-6eba-4e49-92fb-9c3721b94f8f
05;05318;ANTIOQUIA;GUARNE;afdb15f0-6eba-4e49-92fb-9c3721b94f8f
05;05321;ANTIOQUIA;GUATAPÉ;afdb15f0-6eba-4e49-92fb-9c3721b94f8f
05;05347;ANTIOQUIA;HELICONIA;afdb15f0-6eba-4e49-92fb-9c3721b94f8f
05;05353;ANTIOQUIA;HISPANIA;afdb15f0-6eba-4e49-92fb-9c3721b94f8f
05;05360;ANTIOQUIA;ITAGÜÍ;afdb15f0-6eba-4e49-92fb-9c3721b94f8f
05;05361;ANTIOQUIA;ITUANGO;afdb15f0-6eba-4e49-92fb-9c3721b94f8f
05;05364;ANTIOQUIA;JARDÍN;afdb15f0-6eba-4e49-92fb-9c3721b94f8f
05;05368;ANTIOQUIA;JERICÓ;afdb15f0-6eba-4e49-92fb-9c3721b94f8f
05;05376;ANTIOQUIA;LA CEJA;afdb15f0-6eba-4e49-92fb-9c3721b94f8f
05;05380;ANTIOQUIA;LA ESTRELLA;afdb15f0-6eba-4e49-92fb-9c3721b94f8f
05;05390;ANTIOQUIA;LA PINTADA;afdb15f0-6eba-4e49-92fb-9c3721b94f8f
05;05400;ANTIOQUIA;LA UNIÓN;afdb15f0-6eba-4e49-92fb-9c3721b94f8f
05;05411;ANTIOQUIA;LIBORINA;afdb15f0-6eba-4e49-92fb-9c3721b94f8f
05;05425;ANTIOQUIA;MACEO;afdb15f0-6eba-4e49-92fb-9c3721b94f8f
05;05440;ANTIOQUIA;MARINILLA;afdb15f0-6eba-4e49-92fb-9c3721b94f8f
05;05467;ANTIOQUIA;MONTEBELLO;afdb15f0-6eba-4e49-92fb-9c3721b94f8f
05;05475;ANTIOQUIA;MURINDÓ;afdb15f0-6eba-4e49-92fb-9c3721b94f8f
05;05480;ANTIOQUIA;MUTATÁ;afdb15f0-6eba-4e49-92fb-9c3721b94f8f
05;05483;ANTIOQUIA;NARIÑO;afdb15f0-6eba-4e49-92fb-9c3721b94f8f
05;05490;ANTIOQUIA;NECOCLÍ;afdb15f0-6eba-4e49-92fb-9c3721b94f8f
05;05495;ANTIOQUIA;NECHÍ;afdb15f0-6eba-4e49-92fb-9c3721b94f8f
05;05501;ANTIOQUIA;OLAYA;afdb15f0-6eba-4e49-92fb-9c3721b94f8f
05;05541;ANTIOQUIA;PEÑOL;afdb15f0-6eba-4e49-92fb-9c3721b94f8f
05;05543;ANTIOQUIA;PEQUE;afdb15f0-6eba-4e49-92fb-9c3721b94f8f
05;05576;ANTIOQUIA;PUEBLORRICO;afdb15f0-6eba-4e49-92fb-9c3721b94f8f
05;05579;ANTIOQUIA;PUERTO BERRÍO;afdb15f0-6eba-4e49-92fb-9c3721b94f8f
05;05585;ANTIOQUIA;PUERTO NARE;afdb15f0-6eba-4e49-92fb-9c3721b94f8f
05;05591;ANTIOQUIA;PUERTO TRIUNFO;afdb15f0-6eba-4e49-92fb-9c3721b94f8f
05;05604;ANTIOQUIA;REMEDIOS;afdb15f0-6eba-4e49-92fb-9c3721b94f8f
05;05607;ANTIOQUIA;RETIRO;afdb15f0-6eba-4e49-92fb-9c3721b94f8f
05;05615;ANTIOQUIA;RIONEGRO;afdb15f0-6eba-4e49-92fb-9c3721b94f8f
05;05628;ANTIOQUIA;SABANALARGA;afdb15f0-6eba-4e49-92fb-9c3721b94f8f
05;05631;ANTIOQUIA;SABANETA;afdb15f0-6eba-4e49-92fb-9c3721b94f8f
05;05642;ANTIOQUIA;SALGAR;afdb15f0-6eba-4e49-92fb-9c3721b94f8f
05;05647;ANTIOQUIA;SAN ANDRÉS DE CUERQUÍA;afdb15f0-6eba-4e49-92fb-9c3721b94f8f
05;05649;ANTIOQUIA;SAN CARLOS;afdb15f0-6eba-4e49-92fb-9c3721b94f8f
05;05652;ANTIOQUIA;SAN FRANCISCO;afdb15f0-6eba-4e49-92fb-9c3721b94f8f
05;05656;ANTIOQUIA;SAN JERÓNIMO;afdb15f0-6eba-4e49-92fb-9c3721b94f8f
05;05658;ANTIOQUIA;SAN JOSÉ DE LA MONTAÑA;afdb15f0-6eba-4e49-92fb-9c3721b94f8f
05;05659;ANTIOQUIA;SAN JUAN DE URABÁ;afdb15f0-6eba-4e49-92fb-9c3721b94f8f
05;05660;ANTIOQUIA;SAN LUIS;afdb15f0-6eba-4e49-92fb-9c3721b94f8f
05;05664;ANTIOQUIA;SAN PEDRO DE LOS MILAGROS;afdb15f0-6eba-4e49-92fb-9c3721b94f8f
05;05665;ANTIOQUIA;SAN PEDRO DE URABÁ;afdb15f0-6eba-4e49-92fb-9c3721b94f8f
05;05667;ANTIOQUIA;SAN RAFAEL;afdb15f0-6eba-4e49-92fb-9c3721b94f8f
05;05670;ANTIOQUIA;SAN ROQUE;afdb15f0-6eba-4e49-92fb-9c3721b94f8f
05;05674;ANTIOQUIA;SAN VICENTE FERRER;afdb15f0-6eba-4e49-92fb-9c3721b94f8f
05;05679;ANTIOQUIA;SANTA BÁRBARA;afdb15f0-6eba-4e49-92fb-9c3721b94f8f
05;05686;ANTIOQUIA;SANTA ROSA DE OSOS;afdb15f0-6eba-4e49-92fb-9c3721b94f8f
05;05690;ANTIOQUIA;SANTO DOMINGO;afdb15f0-6eba-4e49-92fb-9c3721b94f8f
05;05697;ANTIOQUIA;EL SANTUARIO;afdb15f0-6eba-4e49-92fb-9c3721b94f8f
05;05736;ANTIOQUIA;SEGOVIA;afdb15f0-6eba-4e49-92fb-9c3721b94f8f
05;05756;ANTIOQUIA;SONSÓN;afdb15f0-6eba-4e49-92fb-9c3721b94f8f
05;05761;ANTIOQUIA;SOPETRÁN;afdb15f0-6eba-4e49-92fb-9c3721b94f8f
05;05789;ANTIOQUIA;TÁMESIS;afdb15f0-6eba-4e49-92fb-9c3721b94f8f
05;05790;ANTIOQUIA;TARAZÁ;afdb15f0-6eba-4e49-92fb-9c3721b94f8f
05;05792;ANTIOQUIA;TARSO;afdb15f0-6eba-4e49-92fb-9c3721b94f8f
05;05809;ANTIOQUIA;TITIRIBÍ;afdb15f0-6eba-4e49-92fb-9c3721b94f8f
05;05819;ANTIOQUIA;TOLEDO;afdb15f0-6eba-4e49-92fb-9c3721b94f8f
05;05837;ANTIOQUIA;TURBO;afdb15f0-6eba-4e49-92fb-9c3721b94f8f
05;05842;ANTIOQUIA;URAMITA;afdb15f0-6eba-4e49-92fb-9c3721b94f8f
05;05847;ANTIOQUIA;URRAO;afdb15f0-6eba-4e49-92fb-9c3721b94f8f
05;05854;ANTIOQUIA;VALDIVIA;afdb15f0-6eba-4e49-92fb-9c3721b94f8f
05;05856;ANTIOQUIA;VALPARAÍSO;afdb15f0-6eba-4e49-92fb-9c3721b94f8f
05;05858;ANTIOQUIA;VEGACHÍ;afdb15f0-6eba-4e49-92fb-9c3721b94f8f
05;05861;ANTIOQUIA;VENECIA;afdb15f0-6eba-4e49-92fb-9c3721b94f8f
05;05873;ANTIOQUIA;VIGÍA DEL FUERTE;afdb15f0-6eba-4e49-92fb-9c3721b94f8f
05;05885;ANTIOQUIA;YALÍ;afdb15f0-6eba-4e49-92fb-9c3721b94f8f
05;05887;ANTIOQUIA;YARUMAL;afdb15f0-6eba-4e49-92fb-9c3721b94f8f
05;05890;ANTIOQUIA;YOLOMBÓ;afdb15f0-6eba-4e49-92fb-9c3721b94f8f
05;05893;ANTIOQUIA;YONDÓ;afdb15f0-6eba-4e49-92fb-9c3721b94f8f
05;05895;ANTIOQUIA;ZARAGOZA;afdb15f0-6eba-4e49-92fb-9c3721b94f8f
08;08001;ATLÁNTICO;BARRANQUILLA;1205920d-5f2a-426c-a6ee-1a64d20130b0
08;08078;ATLÁNTICO;BARANOA;1205920d-5f2a-426c-a6ee-1a64d20130b0
08;08137;ATLÁNTICO;CAMPO DE LA CRUZ;1205920d-5f2a-426c-a6ee-1a64d20130b0
08;08141;ATLÁNTICO;CANDELARIA;1205920d-5f2a-426c-a6ee-1a64d20130b0
08;08296;ATLÁNTICO;GALAPA;1205920d-5f2a-426c-a6ee-1a64d20130b0
08;08372;ATLÁNTICO;JUAN DE ACOSTA;1205920d-5f2a-426c-a6ee-1a64d20130b0
08;08421;ATLÁNTICO;LURUACO;1205920d-5f2a-426c-a6ee-1a64d20130b0
08;08433;ATLÁNTICO;MALAMBO;1205920d-5f2a-426c-a6ee-1a64d20130b0
08;08436;ATLÁNTICO;MANATÍ;1205920d-5f2a-426c-a6ee-1a64d20130b0
08;08520;ATLÁNTICO;PALMAR DE VARELA;1205920d-5f2a-426c-a6ee-1a64d20130b0
08;08549;ATLÁNTICO;PIOJÓ;1205920d-5f2a-426c-a6ee-1a64d20130b0
08;08558;ATLÁNTICO;POLONUEVO;1205920d-5f2a-426c-a6ee-1a64d20130b0
08;08560;ATLÁNTICO;PONEDERA;1205920d-5f2a-426c-a6ee-1a64d20130b0
08;08573;ATLÁNTICO;PUERTO COLOMBIA;1205920d-5f2a-426c-a6ee-1a64d20130b0
08;08606;ATLÁNTICO;REPELÓN;1205920d-5f2a-426c-a6ee-1a64d20130b0
08;08634;ATLÁNTICO;SABANAGRANDE;1205920d-5f2a-426c-a6ee-1a64d20130b0
08;08638;ATLÁNTICO;SABANALARGA;1205920d-5f2a-426c-a6ee-1a64d20130b0
08;08675;ATLÁNTICO;SANTA LUCÍA;1205920d-5f2a-426c-a6ee-1a64d20130b0
08;08685;ATLÁNTICO;SANTO TOMÁS;1205920d-5f2a-426c-a6ee-1a64d20130b0
08;08758;ATLÁNTICO;SOLEDAD;1205920d-5f2a-426c-a6ee-1a64d20130b0
08;08770;ATLÁNTICO;SUAN;1205920d-5f2a-426c-a6ee-1a64d20130b0
08;08832;ATLÁNTICO;TUBARÁ;1205920d-5f2a-426c-a6ee-1a64d20130b0
08;08849;ATLÁNTICO;USIACURÍ;1205920d-5f2a-426c-a6ee-1a64d20130b0
11;11001;BOGOTÁ. D.C.;BOGOTÁ. D.C.;e16028ce-2c3c-4ddd-88e8-7342931bb650
13;13001;BOLÍVAR;CARTAGENA DE INDIAS;35c6840d-d6e5-4b6b-99d9-23da7ba74321
13;13006;BOLÍVAR;ACHÍ;35c6840d-d6e5-4b6b-99d9-23da7ba74321
13;13030;BOLÍVAR;ALTOS DEL ROSARIO;35c6840d-d6e5-4b6b-99d9-23da7ba74321
13;13042;BOLÍVAR;ARENAL;35c6840d-d6e5-4b6b-99d9-23da7ba74321
13;13052;BOLÍVAR;ARJONA;35c6840d-d6e5-4b6b-99d9-23da7ba74321
13;13062;BOLÍVAR;ARROYOHONDO;35c6840d-d6e5-4b6b-99d9-23da7ba74321
13;13074;BOLÍVAR;BARRANCO DE LOBA;35c6840d-d6e5-4b6b-99d9-23da7ba74321
13;13140;BOLÍVAR;CALAMAR;35c6840d-d6e5-4b6b-99d9-23da7ba74321
13;13160;BOLÍVAR;CANTAGALLO;35c6840d-d6e5-4b6b-99d9-23da7ba74321
13;13188;BOLÍVAR;CICUCO;35c6840d-d6e5-4b6b-99d9-23da7ba74321
13;13212;BOLÍVAR;CÓRDOBA;35c6840d-d6e5-4b6b-99d9-23da7ba74321
13;13222;BOLÍVAR;CLEMENCIA;35c6840d-d6e5-4b6b-99d9-23da7ba74321
13;13244;BOLÍVAR;EL CARMEN DE BOLÍVAR;35c6840d-d6e5-4b6b-99d9-23da7ba74321
13;13248;BOLÍVAR;EL GUAMO;35c6840d-d6e5-4b6b-99d9-23da7ba74321
13;13268;BOLÍVAR;EL PEÑÓN;35c6840d-d6e5-4b6b-99d9-23da7ba74321
13;13300;BOLÍVAR;HATILLO DE LOBA;35c6840d-d6e5-4b6b-99d9-23da7ba74321
13;13430;BOLÍVAR;MAGANGUÉ;35c6840d-d6e5-4b6b-99d9-23da7ba74321
13;13433;BOLÍVAR;MAHATES;35c6840d-d6e5-4b6b-99d9-23da7ba74321
13;13440;BOLÍVAR;MARGARITA;35c6840d-d6e5-4b6b-99d9-23da7ba74321
13;13442;BOLÍVAR;MARÍA LA BAJA;35c6840d-d6e5-4b6b-99d9-23da7ba74321
13;13458;BOLÍVAR;MONTECRISTO;35c6840d-d6e5-4b6b-99d9-23da7ba74321
13;13468;BOLÍVAR;SANTA CRUZ DE MOMPOX;35c6840d-d6e5-4b6b-99d9-23da7ba74321
13;13473;BOLÍVAR;MORALES;35c6840d-d6e5-4b6b-99d9-23da7ba74321
13;13490;BOLÍVAR;NOROSÍ;35c6840d-d6e5-4b6b-99d9-23da7ba74321
13;13549;BOLÍVAR;PINILLOS;35c6840d-d6e5-4b6b-99d9-23da7ba74321
13;13580;BOLÍVAR;REGIDOR;35c6840d-d6e5-4b6b-99d9-23da7ba74321
13;13600;BOLÍVAR;RÍO VIEJO;35c6840d-d6e5-4b6b-99d9-23da7ba74321
13;13620;BOLÍVAR;SAN CRISTÓBAL;35c6840d-d6e5-4b6b-99d9-23da7ba74321
13;13647;BOLÍVAR;SAN ESTANISLAO;35c6840d-d6e5-4b6b-99d9-23da7ba74321
13;13650;BOLÍVAR;SAN FERNANDO;35c6840d-d6e5-4b6b-99d9-23da7ba74321
13;13654;BOLÍVAR;SAN JACINTO;35c6840d-d6e5-4b6b-99d9-23da7ba74321
13;13655;BOLÍVAR;SAN JACINTO DEL CAUCA;35c6840d-d6e5-4b6b-99d9-23da7ba74321
13;13657;BOLÍVAR;SAN JUAN NEPOMUCENO;35c6840d-d6e5-4b6b-99d9-23da7ba74321
13;13667;BOLÍVAR;SAN MARTÍN DE LOBA;35c6840d-d6e5-4b6b-99d9-23da7ba74321
13;13670;BOLÍVAR;SAN PABLO;35c6840d-d6e5-4b6b-99d9-23da7ba74321
13;13673;BOLÍVAR;SANTA CATALINA;35c6840d-d6e5-4b6b-99d9-23da7ba74321
13;13683;BOLÍVAR;SANTA ROSA;35c6840d-d6e5-4b6b-99d9-23da7ba74321
13;13688;BOLÍVAR;SANTA ROSA DEL SUR;35c6840d-d6e5-4b6b-99d9-23da7ba74321
13;13744;BOLÍVAR;SIMITÍ;35c6840d-d6e5-4b6b-99d9-23da7ba74321
13;13760;BOLÍVAR;SOPLAVIENTO;35c6840d-d6e5-4b6b-99d9-23da7ba74321
13;13780;BOLÍVAR;TALAIGUA NUEVO;35c6840d-d6e5-4b6b-99d9-23da7ba74321
13;13810;BOLÍVAR;TIQUISIO;35c6840d-d6e5-4b6b-99d9-23da7ba74321
13;13836;BOLÍVAR;TURBACO;35c6840d-d6e5-4b6b-99d9-23da7ba74321
13;13838;BOLÍVAR;TURBANÁ;35c6840d-d6e5-4b6b-99d9-23da7ba74321
13;13873;BOLÍVAR;VILLANUEVA;35c6840d-d6e5-4b6b-99d9-23da7ba74321
13;13894;BOLÍVAR;ZAMBRANO;35c6840d-d6e5-4b6b-99d9-23da7ba74321
15;15001;BOYACÁ;TUNJA;8ae009cd-eaca-475a-8282-9741ae3017eb
15;15022;BOYACÁ;ALMEIDA;8ae009cd-eaca-475a-8282-9741ae3017eb
15;15047;BOYACÁ;AQUITANIA;8ae009cd-eaca-475a-8282-9741ae3017eb
15;15051;BOYACÁ;ARCABUCO;8ae009cd-eaca-475a-8282-9741ae3017eb
15;15087;BOYACÁ;BELÉN;8ae009cd-eaca-475a-8282-9741ae3017eb
15;15090;BOYACÁ;BERBEO;8ae009cd-eaca-475a-8282-9741ae3017eb
15;15092;BOYACÁ;BETÉITIVA;8ae009cd-eaca-475a-8282-9741ae3017eb
15;15097;BOYACÁ;BOAVITA;8ae009cd-eaca-475a-8282-9741ae3017eb
15;15104;BOYACÁ;BOYACÁ;8ae009cd-eaca-475a-8282-9741ae3017eb
15;15106;BOYACÁ;BRICEÑO;8ae009cd-eaca-475a-8282-9741ae3017eb
15;15109;BOYACÁ;BUENAVISTA;8ae009cd-eaca-475a-8282-9741ae3017eb
15;15114;BOYACÁ;BUSBANZÁ;8ae009cd-eaca-475a-8282-9741ae3017eb
15;15131;BOYACÁ;CALDAS;8ae009cd-eaca-475a-8282-9741ae3017eb
15;15135;BOYACÁ;CAMPOHERMOSO;8ae009cd-eaca-475a-8282-9741ae3017eb
15;15162;BOYACÁ;CERINZA;8ae009cd-eaca-475a-8282-9741ae3017eb
15;15172;BOYACÁ;CHINAVITA;8ae009cd-eaca-475a-8282-9741ae3017eb
15;15176;BOYACÁ;CHIQUINQUIRÁ;8ae009cd-eaca-475a-8282-9741ae3017eb
15;15180;BOYACÁ;CHISCAS;8ae009cd-eaca-475a-8282-9741ae3017eb
15;15183;BOYACÁ;CHITA;8ae009cd-eaca-475a-8282-9741ae3017eb
15;15185;BOYACÁ;CHITARAQUE;8ae009cd-eaca-475a-8282-9741ae3017eb
15;15187;BOYACÁ;CHIVATÁ;8ae009cd-eaca-475a-8282-9741ae3017eb
15;15189;BOYACÁ;CIÉNEGA;8ae009cd-eaca-475a-8282-9741ae3017eb
15;15204;BOYACÁ;CÓMBITA;8ae009cd-eaca-475a-8282-9741ae3017eb
15;15212;BOYACÁ;COPER;8ae009cd-eaca-475a-8282-9741ae3017eb
15;15215;BOYACÁ;CORRALES;8ae009cd-eaca-475a-8282-9741ae3017eb
15;15218;BOYACÁ;COVARACHÍA;8ae009cd-eaca-475a-8282-9741ae3017eb
15;15223;BOYACÁ;CUBARÁ;8ae009cd-eaca-475a-8282-9741ae3017eb
19;19318;CAUCA;GUAPI;2809cb32-e11b-4fa7-b6e7-3ca3d044773c
15;15224;BOYACÁ;CUCAITA;8ae009cd-eaca-475a-8282-9741ae3017eb
15;15226;BOYACÁ;CUÍTIVA;8ae009cd-eaca-475a-8282-9741ae3017eb
15;15232;BOYACÁ;CHÍQUIZA;8ae009cd-eaca-475a-8282-9741ae3017eb
15;15236;BOYACÁ;CHIVOR;8ae009cd-eaca-475a-8282-9741ae3017eb
15;15238;BOYACÁ;DUITAMA;8ae009cd-eaca-475a-8282-9741ae3017eb
15;15244;BOYACÁ;EL COCUY;8ae009cd-eaca-475a-8282-9741ae3017eb
15;15248;BOYACÁ;EL ESPINO;8ae009cd-eaca-475a-8282-9741ae3017eb
15;15272;BOYACÁ;FIRAVITOBA;8ae009cd-eaca-475a-8282-9741ae3017eb
15;15276;BOYACÁ;FLORESTA;8ae009cd-eaca-475a-8282-9741ae3017eb
15;15293;BOYACÁ;GACHANTIVÁ;8ae009cd-eaca-475a-8282-9741ae3017eb
15;15296;BOYACÁ;GÁMEZA;8ae009cd-eaca-475a-8282-9741ae3017eb
15;15299;BOYACÁ;GARAGOA;8ae009cd-eaca-475a-8282-9741ae3017eb
15;15317;BOYACÁ;GUACAMAYAS;8ae009cd-eaca-475a-8282-9741ae3017eb
15;15322;BOYACÁ;GUATEQUE;8ae009cd-eaca-475a-8282-9741ae3017eb
15;15325;BOYACÁ;GUAYATÁ;8ae009cd-eaca-475a-8282-9741ae3017eb
15;15332;BOYACÁ;GÜICÁN DE LA SIERRA;8ae009cd-eaca-475a-8282-9741ae3017eb
15;15362;BOYACÁ;IZA;8ae009cd-eaca-475a-8282-9741ae3017eb
15;15367;BOYACÁ;JENESANO;8ae009cd-eaca-475a-8282-9741ae3017eb
15;15368;BOYACÁ;JERICÓ;8ae009cd-eaca-475a-8282-9741ae3017eb
15;15377;BOYACÁ;LABRANZAGRANDE;8ae009cd-eaca-475a-8282-9741ae3017eb
15;15380;BOYACÁ;LA CAPILLA;8ae009cd-eaca-475a-8282-9741ae3017eb
15;15401;BOYACÁ;LA VICTORIA;8ae009cd-eaca-475a-8282-9741ae3017eb
15;15403;BOYACÁ;LA UVITA;8ae009cd-eaca-475a-8282-9741ae3017eb
15;15407;BOYACÁ;VILLA DE LEYVA;8ae009cd-eaca-475a-8282-9741ae3017eb
15;15425;BOYACÁ;MACANAL;8ae009cd-eaca-475a-8282-9741ae3017eb
15;15442;BOYACÁ;MARIPÍ;8ae009cd-eaca-475a-8282-9741ae3017eb
15;15455;BOYACÁ;MIRAFLORES;8ae009cd-eaca-475a-8282-9741ae3017eb
15;15464;BOYACÁ;MONGUA;8ae009cd-eaca-475a-8282-9741ae3017eb
15;15466;BOYACÁ;MONGUÍ;8ae009cd-eaca-475a-8282-9741ae3017eb
15;15469;BOYACÁ;MONIQUIRÁ;8ae009cd-eaca-475a-8282-9741ae3017eb
15;15476;BOYACÁ;MOTAVITA;8ae009cd-eaca-475a-8282-9741ae3017eb
15;15480;BOYACÁ;MUZO;8ae009cd-eaca-475a-8282-9741ae3017eb
15;15491;BOYACÁ;NOBSA;8ae009cd-eaca-475a-8282-9741ae3017eb
15;15494;BOYACÁ;NUEVO COLÓN;8ae009cd-eaca-475a-8282-9741ae3017eb
15;15500;BOYACÁ;OICATÁ;8ae009cd-eaca-475a-8282-9741ae3017eb
15;15507;BOYACÁ;OTANCHE;8ae009cd-eaca-475a-8282-9741ae3017eb
15;15511;BOYACÁ;PACHAVITA;8ae009cd-eaca-475a-8282-9741ae3017eb
15;15514;BOYACÁ;PÁEZ;8ae009cd-eaca-475a-8282-9741ae3017eb
15;15516;BOYACÁ;PAIPA;8ae009cd-eaca-475a-8282-9741ae3017eb
15;15518;BOYACÁ;PAJARITO;8ae009cd-eaca-475a-8282-9741ae3017eb
15;15522;BOYACÁ;PANQUEBA;8ae009cd-eaca-475a-8282-9741ae3017eb
15;15531;BOYACÁ;PAUNA;8ae009cd-eaca-475a-8282-9741ae3017eb
15;15533;BOYACÁ;PAYA;8ae009cd-eaca-475a-8282-9741ae3017eb
15;15537;BOYACÁ;PAZ DE RÍO;8ae009cd-eaca-475a-8282-9741ae3017eb
15;15542;BOYACÁ;PESCA;8ae009cd-eaca-475a-8282-9741ae3017eb
15;15550;BOYACÁ;PISBA;8ae009cd-eaca-475a-8282-9741ae3017eb
15;15572;BOYACÁ;PUERTO BOYACÁ;8ae009cd-eaca-475a-8282-9741ae3017eb
15;15580;BOYACÁ;QUÍPAMA;8ae009cd-eaca-475a-8282-9741ae3017eb
15;15599;BOYACÁ;RAMIRIQUÍ;8ae009cd-eaca-475a-8282-9741ae3017eb
15;15600;BOYACÁ;RÁQUIRA;8ae009cd-eaca-475a-8282-9741ae3017eb
15;15621;BOYACÁ;RONDÓN;8ae009cd-eaca-475a-8282-9741ae3017eb
15;15632;BOYACÁ;SABOYÁ;8ae009cd-eaca-475a-8282-9741ae3017eb
15;15638;BOYACÁ;SÁCHICA;8ae009cd-eaca-475a-8282-9741ae3017eb
15;15646;BOYACÁ;SAMACÁ;8ae009cd-eaca-475a-8282-9741ae3017eb
15;15660;BOYACÁ;SAN EDUARDO;8ae009cd-eaca-475a-8282-9741ae3017eb
15;15664;BOYACÁ;SAN JOSÉ DE PARE;8ae009cd-eaca-475a-8282-9741ae3017eb
15;15667;BOYACÁ;SAN LUIS DE GACENO;8ae009cd-eaca-475a-8282-9741ae3017eb
15;15673;BOYACÁ;SAN MATEO;8ae009cd-eaca-475a-8282-9741ae3017eb
15;15676;BOYACÁ;SAN MIGUEL DE SEMA;8ae009cd-eaca-475a-8282-9741ae3017eb
15;15681;BOYACÁ;SAN PABLO DE BORBUR;8ae009cd-eaca-475a-8282-9741ae3017eb
15;15686;BOYACÁ;SANTANA;8ae009cd-eaca-475a-8282-9741ae3017eb
15;15690;BOYACÁ;SANTA MARÍA;8ae009cd-eaca-475a-8282-9741ae3017eb
15;15693;BOYACÁ;SANTA ROSA DE VITERBO;8ae009cd-eaca-475a-8282-9741ae3017eb
15;15696;BOYACÁ;SANTA SOFÍA;8ae009cd-eaca-475a-8282-9741ae3017eb
15;15720;BOYACÁ;SATIVANORTE;8ae009cd-eaca-475a-8282-9741ae3017eb
15;15723;BOYACÁ;SATIVASUR;8ae009cd-eaca-475a-8282-9741ae3017eb
15;15740;BOYACÁ;SIACHOQUE;8ae009cd-eaca-475a-8282-9741ae3017eb
15;15753;BOYACÁ;SOATÁ;8ae009cd-eaca-475a-8282-9741ae3017eb
15;15755;BOYACÁ;SOCOTÁ;8ae009cd-eaca-475a-8282-9741ae3017eb
15;15757;BOYACÁ;SOCHA;8ae009cd-eaca-475a-8282-9741ae3017eb
15;15759;BOYACÁ;SOGAMOSO;8ae009cd-eaca-475a-8282-9741ae3017eb
15;15761;BOYACÁ;SOMONDOCO;8ae009cd-eaca-475a-8282-9741ae3017eb
15;15762;BOYACÁ;SORA;8ae009cd-eaca-475a-8282-9741ae3017eb
20;20032;CESAR;ASTREA;8e13046e-2f96-4cd7-bad3-cb67361bd8e6
15;15763;BOYACÁ;SOTAQUIRÁ;8ae009cd-eaca-475a-8282-9741ae3017eb
15;15764;BOYACÁ;SORACÁ;8ae009cd-eaca-475a-8282-9741ae3017eb
15;15774;BOYACÁ;SUSACÓN;8ae009cd-eaca-475a-8282-9741ae3017eb
15;15776;BOYACÁ;SUTAMARCHÁN;8ae009cd-eaca-475a-8282-9741ae3017eb
15;15778;BOYACÁ;SUTATENZA;8ae009cd-eaca-475a-8282-9741ae3017eb
15;15790;BOYACÁ;TASCO;8ae009cd-eaca-475a-8282-9741ae3017eb
15;15798;BOYACÁ;TENZA;8ae009cd-eaca-475a-8282-9741ae3017eb
15;15804;BOYACÁ;TIBANÁ;8ae009cd-eaca-475a-8282-9741ae3017eb
15;15806;BOYACÁ;TIBASOSA;8ae009cd-eaca-475a-8282-9741ae3017eb
15;15808;BOYACÁ;TINJACÁ;8ae009cd-eaca-475a-8282-9741ae3017eb
15;15810;BOYACÁ;TIPACOQUE;8ae009cd-eaca-475a-8282-9741ae3017eb
15;15814;BOYACÁ;TOCA;8ae009cd-eaca-475a-8282-9741ae3017eb
15;15816;BOYACÁ;TOGÜÍ;8ae009cd-eaca-475a-8282-9741ae3017eb
15;15820;BOYACÁ;TÓPAGA;8ae009cd-eaca-475a-8282-9741ae3017eb
15;15822;BOYACÁ;TOTA;8ae009cd-eaca-475a-8282-9741ae3017eb
15;15832;BOYACÁ;TUNUNGUÁ;8ae009cd-eaca-475a-8282-9741ae3017eb
15;15835;BOYACÁ;TURMEQUÉ;8ae009cd-eaca-475a-8282-9741ae3017eb
15;15837;BOYACÁ;TUTA;8ae009cd-eaca-475a-8282-9741ae3017eb
15;15839;BOYACÁ;TUTAZÁ;8ae009cd-eaca-475a-8282-9741ae3017eb
15;15842;BOYACÁ;ÚMBITA;8ae009cd-eaca-475a-8282-9741ae3017eb
15;15861;BOYACÁ;VENTAQUEMADA;8ae009cd-eaca-475a-8282-9741ae3017eb
15;15879;BOYACÁ;VIRACACHÁ;8ae009cd-eaca-475a-8282-9741ae3017eb
15;15897;BOYACÁ;ZETAQUIRA;8ae009cd-eaca-475a-8282-9741ae3017eb
17;17001;CALDAS;MANIZALES;a4392468-724c-4eae-9c17-acf39ee21d2f
17;17013;CALDAS;AGUADAS;a4392468-724c-4eae-9c17-acf39ee21d2f
17;17042;CALDAS;ANSERMA;a4392468-724c-4eae-9c17-acf39ee21d2f
17;17050;CALDAS;ARANZAZU;a4392468-724c-4eae-9c17-acf39ee21d2f
17;17088;CALDAS;BELALCÁZAR;a4392468-724c-4eae-9c17-acf39ee21d2f
17;17174;CALDAS;CHINCHINÁ;a4392468-724c-4eae-9c17-acf39ee21d2f
17;17272;CALDAS;FILADELFIA;a4392468-724c-4eae-9c17-acf39ee21d2f
17;17380;CALDAS;LA DORADA;a4392468-724c-4eae-9c17-acf39ee21d2f
17;17388;CALDAS;LA MERCED;a4392468-724c-4eae-9c17-acf39ee21d2f
17;17433;CALDAS;MANZANARES;a4392468-724c-4eae-9c17-acf39ee21d2f
17;17442;CALDAS;MARMATO;a4392468-724c-4eae-9c17-acf39ee21d2f
17;17444;CALDAS;MARQUETALIA;a4392468-724c-4eae-9c17-acf39ee21d2f
17;17446;CALDAS;MARULANDA;a4392468-724c-4eae-9c17-acf39ee21d2f
17;17486;CALDAS;NEIRA;a4392468-724c-4eae-9c17-acf39ee21d2f
17;17495;CALDAS;NORCASIA;a4392468-724c-4eae-9c17-acf39ee21d2f
17;17513;CALDAS;PÁCORA;a4392468-724c-4eae-9c17-acf39ee21d2f
17;17524;CALDAS;PALESTINA;a4392468-724c-4eae-9c17-acf39ee21d2f
17;17541;CALDAS;PENSILVANIA;a4392468-724c-4eae-9c17-acf39ee21d2f
17;17614;CALDAS;RIOSUCIO;a4392468-724c-4eae-9c17-acf39ee21d2f
17;17616;CALDAS;RISARALDA;a4392468-724c-4eae-9c17-acf39ee21d2f
17;17653;CALDAS;SALAMINA;a4392468-724c-4eae-9c17-acf39ee21d2f
17;17662;CALDAS;SAMANÁ;a4392468-724c-4eae-9c17-acf39ee21d2f
17;17665;CALDAS;SAN JOSÉ;a4392468-724c-4eae-9c17-acf39ee21d2f
17;17777;CALDAS;SUPÍA;a4392468-724c-4eae-9c17-acf39ee21d2f
17;17867;CALDAS;VICTORIA;a4392468-724c-4eae-9c17-acf39ee21d2f
17;17873;CALDAS;VILLAMARÍA;a4392468-724c-4eae-9c17-acf39ee21d2f
17;17877;CALDAS;VITERBO;a4392468-724c-4eae-9c17-acf39ee21d2f
18;18001;CAQUETÁ;FLORENCIA;9673a855-fb5d-44b5-ba8e-53f9def10aff
18;18029;CAQUETÁ;ALBANIA;9673a855-fb5d-44b5-ba8e-53f9def10aff
18;18094;CAQUETÁ;BELÉN DE LOS ANDAQUÍES;9673a855-fb5d-44b5-ba8e-53f9def10aff
18;18150;CAQUETÁ;CARTAGENA DEL CHAIRÁ;9673a855-fb5d-44b5-ba8e-53f9def10aff
18;18205;CAQUETÁ;CURILLO;9673a855-fb5d-44b5-ba8e-53f9def10aff
18;18247;CAQUETÁ;EL DONCELLO;9673a855-fb5d-44b5-ba8e-53f9def10aff
18;18256;CAQUETÁ;EL PAUJÍL;9673a855-fb5d-44b5-ba8e-53f9def10aff
18;18410;CAQUETÁ;LA MONTAÑITA;9673a855-fb5d-44b5-ba8e-53f9def10aff
18;18460;CAQUETÁ;MILÁN;9673a855-fb5d-44b5-ba8e-53f9def10aff
18;18479;CAQUETÁ;MORELIA;9673a855-fb5d-44b5-ba8e-53f9def10aff
18;18592;CAQUETÁ;PUERTO RICO;9673a855-fb5d-44b5-ba8e-53f9def10aff
18;18610;CAQUETÁ;SAN JOSÉ DEL FRAGUA;9673a855-fb5d-44b5-ba8e-53f9def10aff
18;18753;CAQUETÁ;SAN VICENTE DEL CAGUÁN;9673a855-fb5d-44b5-ba8e-53f9def10aff
18;18756;CAQUETÁ;SOLANO;9673a855-fb5d-44b5-ba8e-53f9def10aff
18;18785;CAQUETÁ;SOLITA;9673a855-fb5d-44b5-ba8e-53f9def10aff
18;18860;CAQUETÁ;VALPARAÍSO;9673a855-fb5d-44b5-ba8e-53f9def10aff
19;19001;CAUCA;POPAYÁN;2809cb32-e11b-4fa7-b6e7-3ca3d044773c
19;19022;CAUCA;ALMAGUER;2809cb32-e11b-4fa7-b6e7-3ca3d044773c
19;19050;CAUCA;ARGELIA;2809cb32-e11b-4fa7-b6e7-3ca3d044773c
19;19075;CAUCA;BALBOA;2809cb32-e11b-4fa7-b6e7-3ca3d044773c
19;19100;CAUCA;BOLÍVAR;2809cb32-e11b-4fa7-b6e7-3ca3d044773c
19;19110;CAUCA;BUENOS AIRES;2809cb32-e11b-4fa7-b6e7-3ca3d044773c
19;19130;CAUCA;CAJIBÍO;2809cb32-e11b-4fa7-b6e7-3ca3d044773c
19;19137;CAUCA;CALDONO;2809cb32-e11b-4fa7-b6e7-3ca3d044773c
19;19142;CAUCA;CALOTO;2809cb32-e11b-4fa7-b6e7-3ca3d044773c
19;19212;CAUCA;CORINTO;2809cb32-e11b-4fa7-b6e7-3ca3d044773c
19;19256;CAUCA;EL TAMBO;2809cb32-e11b-4fa7-b6e7-3ca3d044773c
19;19290;CAUCA;FLORENCIA;2809cb32-e11b-4fa7-b6e7-3ca3d044773c
19;19300;CAUCA;GUACHENÉ;2809cb32-e11b-4fa7-b6e7-3ca3d044773c
19;19355;CAUCA;INZÁ;2809cb32-e11b-4fa7-b6e7-3ca3d044773c
19;19364;CAUCA;JAMBALÓ;2809cb32-e11b-4fa7-b6e7-3ca3d044773c
19;19392;CAUCA;LA SIERRA;2809cb32-e11b-4fa7-b6e7-3ca3d044773c
19;19397;CAUCA;LA VEGA;2809cb32-e11b-4fa7-b6e7-3ca3d044773c
19;19418;CAUCA;LÓPEZ DE MICAY;2809cb32-e11b-4fa7-b6e7-3ca3d044773c
19;19450;CAUCA;MERCADERES;2809cb32-e11b-4fa7-b6e7-3ca3d044773c
19;19455;CAUCA;MIRANDA;2809cb32-e11b-4fa7-b6e7-3ca3d044773c
19;19473;CAUCA;MORALES;2809cb32-e11b-4fa7-b6e7-3ca3d044773c
19;19513;CAUCA;PADILLA;2809cb32-e11b-4fa7-b6e7-3ca3d044773c
19;19517;CAUCA;PÁEZ;2809cb32-e11b-4fa7-b6e7-3ca3d044773c
19;19532;CAUCA;PATÍA;2809cb32-e11b-4fa7-b6e7-3ca3d044773c
19;19533;CAUCA;PIAMONTE;2809cb32-e11b-4fa7-b6e7-3ca3d044773c
19;19548;CAUCA;PIENDAMÓ - TUNÍA;2809cb32-e11b-4fa7-b6e7-3ca3d044773c
19;19573;CAUCA;PUERTO TEJADA;2809cb32-e11b-4fa7-b6e7-3ca3d044773c
19;19585;CAUCA;PURACÉ;2809cb32-e11b-4fa7-b6e7-3ca3d044773c
19;19622;CAUCA;ROSAS;2809cb32-e11b-4fa7-b6e7-3ca3d044773c
19;19693;CAUCA;SAN SEBASTIÁN;2809cb32-e11b-4fa7-b6e7-3ca3d044773c
19;19698;CAUCA;SANTANDER DE QUILICHAO;2809cb32-e11b-4fa7-b6e7-3ca3d044773c
19;19701;CAUCA;SANTA ROSA;2809cb32-e11b-4fa7-b6e7-3ca3d044773c
19;19743;CAUCA;SILVIA;2809cb32-e11b-4fa7-b6e7-3ca3d044773c
19;19760;CAUCA;SOTARÁ PAISPAMBA;2809cb32-e11b-4fa7-b6e7-3ca3d044773c
19;19780;CAUCA;SUÁREZ;2809cb32-e11b-4fa7-b6e7-3ca3d044773c
19;19785;CAUCA;SUCRE;2809cb32-e11b-4fa7-b6e7-3ca3d044773c
19;19807;CAUCA;TIMBÍO;2809cb32-e11b-4fa7-b6e7-3ca3d044773c
19;19809;CAUCA;TIMBIQUÍ;2809cb32-e11b-4fa7-b6e7-3ca3d044773c
19;19821;CAUCA;TORIBÍO;2809cb32-e11b-4fa7-b6e7-3ca3d044773c
19;19824;CAUCA;TOTORÓ;2809cb32-e11b-4fa7-b6e7-3ca3d044773c
19;19845;CAUCA;VILLA RICA;2809cb32-e11b-4fa7-b6e7-3ca3d044773c
20;20001;CESAR;VALLEDUPAR;8e13046e-2f96-4cd7-bad3-cb67361bd8e6
20;20011;CESAR;AGUACHICA;8e13046e-2f96-4cd7-bad3-cb67361bd8e6
20;20013;CESAR;AGUSTÍN CODAZZI;8e13046e-2f96-4cd7-bad3-cb67361bd8e6
20;20045;CESAR;BECERRIL;8e13046e-2f96-4cd7-bad3-cb67361bd8e6
20;20060;CESAR;BOSCONIA;8e13046e-2f96-4cd7-bad3-cb67361bd8e6
20;20175;CESAR;CHIMICHAGUA;8e13046e-2f96-4cd7-bad3-cb67361bd8e6
20;20178;CESAR;CHIRIGUANÁ;8e13046e-2f96-4cd7-bad3-cb67361bd8e6
20;20228;CESAR;CURUMANÍ;8e13046e-2f96-4cd7-bad3-cb67361bd8e6
20;20238;CESAR;EL COPEY;8e13046e-2f96-4cd7-bad3-cb67361bd8e6
20;20250;CESAR;EL PASO;8e13046e-2f96-4cd7-bad3-cb67361bd8e6
20;20295;CESAR;GAMARRA;8e13046e-2f96-4cd7-bad3-cb67361bd8e6
20;20310;CESAR;GONZÁLEZ;8e13046e-2f96-4cd7-bad3-cb67361bd8e6
20;20383;CESAR;LA GLORIA;8e13046e-2f96-4cd7-bad3-cb67361bd8e6
20;20400;CESAR;LA JAGUA DE IBIRICO;8e13046e-2f96-4cd7-bad3-cb67361bd8e6
20;20443;CESAR;MANAURE BALCÓN DEL CESAR;8e13046e-2f96-4cd7-bad3-cb67361bd8e6
20;20517;CESAR;PAILITAS;8e13046e-2f96-4cd7-bad3-cb67361bd8e6
20;20550;CESAR;PELAYA;8e13046e-2f96-4cd7-bad3-cb67361bd8e6
20;20570;CESAR;PUEBLO BELLO;8e13046e-2f96-4cd7-bad3-cb67361bd8e6
20;20614;CESAR;RÍO DE ORO;8e13046e-2f96-4cd7-bad3-cb67361bd8e6
20;20621;CESAR;LA PAZ;8e13046e-2f96-4cd7-bad3-cb67361bd8e6
20;20710;CESAR;SAN ALBERTO;8e13046e-2f96-4cd7-bad3-cb67361bd8e6
20;20750;CESAR;SAN DIEGO;8e13046e-2f96-4cd7-bad3-cb67361bd8e6
20;20770;CESAR;SAN MARTÍN;8e13046e-2f96-4cd7-bad3-cb67361bd8e6
20;20787;CESAR;TAMALAMEQUE;8e13046e-2f96-4cd7-bad3-cb67361bd8e6
23;23001;CÓRDOBA;MONTERÍA;7db89df9-0d29-4682-9c5f-99c4fe20f8b6
23;23068;CÓRDOBA;AYAPEL;7db89df9-0d29-4682-9c5f-99c4fe20f8b6
23;23079;CÓRDOBA;BUENAVISTA;7db89df9-0d29-4682-9c5f-99c4fe20f8b6
23;23090;CÓRDOBA;CANALETE;7db89df9-0d29-4682-9c5f-99c4fe20f8b6
23;23162;CÓRDOBA;CERETÉ;7db89df9-0d29-4682-9c5f-99c4fe20f8b6
23;23168;CÓRDOBA;CHIMÁ;7db89df9-0d29-4682-9c5f-99c4fe20f8b6
23;23182;CÓRDOBA;CHINÚ;7db89df9-0d29-4682-9c5f-99c4fe20f8b6
23;23189;CÓRDOBA;CIÉNAGA DE ORO;7db89df9-0d29-4682-9c5f-99c4fe20f8b6
23;23300;CÓRDOBA;COTORRA;7db89df9-0d29-4682-9c5f-99c4fe20f8b6
23;23350;CÓRDOBA;LA APARTADA;7db89df9-0d29-4682-9c5f-99c4fe20f8b6
23;23417;CÓRDOBA;LORICA;7db89df9-0d29-4682-9c5f-99c4fe20f8b6
23;23419;CÓRDOBA;LOS CÓRDOBAS;7db89df9-0d29-4682-9c5f-99c4fe20f8b6
23;23464;CÓRDOBA;MOMIL;7db89df9-0d29-4682-9c5f-99c4fe20f8b6
23;23466;CÓRDOBA;MONTELÍBANO;7db89df9-0d29-4682-9c5f-99c4fe20f8b6
23;23500;CÓRDOBA;MOÑITOS;7db89df9-0d29-4682-9c5f-99c4fe20f8b6
23;23555;CÓRDOBA;PLANETA RICA;7db89df9-0d29-4682-9c5f-99c4fe20f8b6
23;23570;CÓRDOBA;PUEBLO NUEVO;7db89df9-0d29-4682-9c5f-99c4fe20f8b6
23;23574;CÓRDOBA;PUERTO ESCONDIDO;7db89df9-0d29-4682-9c5f-99c4fe20f8b6
23;23580;CÓRDOBA;PUERTO LIBERTADOR;7db89df9-0d29-4682-9c5f-99c4fe20f8b6
23;23586;CÓRDOBA;PURÍSIMA DE LA CONCEPCIÓN;7db89df9-0d29-4682-9c5f-99c4fe20f8b6
23;23660;CÓRDOBA;SAHAGÚN;7db89df9-0d29-4682-9c5f-99c4fe20f8b6
23;23670;CÓRDOBA;SAN ANDRÉS DE SOTAVENTO;7db89df9-0d29-4682-9c5f-99c4fe20f8b6
23;23672;CÓRDOBA;SAN ANTERO;7db89df9-0d29-4682-9c5f-99c4fe20f8b6
23;23675;CÓRDOBA;SAN BERNARDO DEL VIENTO;7db89df9-0d29-4682-9c5f-99c4fe20f8b6
23;23678;CÓRDOBA;SAN CARLOS;7db89df9-0d29-4682-9c5f-99c4fe20f8b6
23;23682;CÓRDOBA;SAN JOSÉ DE URÉ;7db89df9-0d29-4682-9c5f-99c4fe20f8b6
23;23686;CÓRDOBA;SAN PELAYO;7db89df9-0d29-4682-9c5f-99c4fe20f8b6
23;23807;CÓRDOBA;TIERRALTA;7db89df9-0d29-4682-9c5f-99c4fe20f8b6
23;23815;CÓRDOBA;TUCHÍN;7db89df9-0d29-4682-9c5f-99c4fe20f8b6
23;23855;CÓRDOBA;VALENCIA;7db89df9-0d29-4682-9c5f-99c4fe20f8b6
25;25001;CUNDINAMARCA;AGUA DE DIOS;f1739904-e536-42c2-8c27-7d67d6e7f682
25;25019;CUNDINAMARCA;ALBÁN;f1739904-e536-42c2-8c27-7d67d6e7f682
25;25035;CUNDINAMARCA;ANAPOIMA;f1739904-e536-42c2-8c27-7d67d6e7f682
25;25040;CUNDINAMARCA;ANOLAIMA;f1739904-e536-42c2-8c27-7d67d6e7f682
25;25053;CUNDINAMARCA;ARBELÁEZ;f1739904-e536-42c2-8c27-7d67d6e7f682
25;25086;CUNDINAMARCA;BELTRÁN;f1739904-e536-42c2-8c27-7d67d6e7f682
25;25095;CUNDINAMARCA;BITUIMA;f1739904-e536-42c2-8c27-7d67d6e7f682
25;25099;CUNDINAMARCA;BOJACÁ;f1739904-e536-42c2-8c27-7d67d6e7f682
25;25120;CUNDINAMARCA;CABRERA;f1739904-e536-42c2-8c27-7d67d6e7f682
25;25123;CUNDINAMARCA;CACHIPAY;f1739904-e536-42c2-8c27-7d67d6e7f682
25;25126;CUNDINAMARCA;CAJICÁ;f1739904-e536-42c2-8c27-7d67d6e7f682
25;25148;CUNDINAMARCA;CAPARRAPÍ;f1739904-e536-42c2-8c27-7d67d6e7f682
25;25151;CUNDINAMARCA;CÁQUEZA;f1739904-e536-42c2-8c27-7d67d6e7f682
25;25154;CUNDINAMARCA;CARMEN DE CARUPA;f1739904-e536-42c2-8c27-7d67d6e7f682
25;25168;CUNDINAMARCA;CHAGUANÍ;f1739904-e536-42c2-8c27-7d67d6e7f682
25;25175;CUNDINAMARCA;CHÍA;f1739904-e536-42c2-8c27-7d67d6e7f682
25;25178;CUNDINAMARCA;CHIPAQUE;f1739904-e536-42c2-8c27-7d67d6e7f682
25;25181;CUNDINAMARCA;CHOACHÍ;f1739904-e536-42c2-8c27-7d67d6e7f682
25;25183;CUNDINAMARCA;CHOCONTÁ;f1739904-e536-42c2-8c27-7d67d6e7f682
25;25200;CUNDINAMARCA;COGUA;f1739904-e536-42c2-8c27-7d67d6e7f682
25;25214;CUNDINAMARCA;COTA;f1739904-e536-42c2-8c27-7d67d6e7f682
25;25224;CUNDINAMARCA;CUCUNUBÁ;f1739904-e536-42c2-8c27-7d67d6e7f682
25;25245;CUNDINAMARCA;EL COLEGIO;f1739904-e536-42c2-8c27-7d67d6e7f682
25;25258;CUNDINAMARCA;EL PEÑÓN;f1739904-e536-42c2-8c27-7d67d6e7f682
25;25260;CUNDINAMARCA;EL ROSAL;f1739904-e536-42c2-8c27-7d67d6e7f682
25;25269;CUNDINAMARCA;FACATATIVÁ;f1739904-e536-42c2-8c27-7d67d6e7f682
25;25279;CUNDINAMARCA;FÓMEQUE;f1739904-e536-42c2-8c27-7d67d6e7f682
25;25281;CUNDINAMARCA;FOSCA;f1739904-e536-42c2-8c27-7d67d6e7f682
25;25286;CUNDINAMARCA;FUNZA;f1739904-e536-42c2-8c27-7d67d6e7f682
25;25288;CUNDINAMARCA;FÚQUENE;f1739904-e536-42c2-8c27-7d67d6e7f682
25;25290;CUNDINAMARCA;FUSAGASUGÁ;f1739904-e536-42c2-8c27-7d67d6e7f682
25;25293;CUNDINAMARCA;GACHALÁ;f1739904-e536-42c2-8c27-7d67d6e7f682
25;25295;CUNDINAMARCA;GACHANCIPÁ;f1739904-e536-42c2-8c27-7d67d6e7f682
25;25297;CUNDINAMARCA;GACHETÁ;f1739904-e536-42c2-8c27-7d67d6e7f682
25;25299;CUNDINAMARCA;GAMA;f1739904-e536-42c2-8c27-7d67d6e7f682
25;25307;CUNDINAMARCA;GIRARDOT;f1739904-e536-42c2-8c27-7d67d6e7f682
25;25312;CUNDINAMARCA;GRANADA;f1739904-e536-42c2-8c27-7d67d6e7f682
25;25317;CUNDINAMARCA;GUACHETÁ;f1739904-e536-42c2-8c27-7d67d6e7f682
25;25320;CUNDINAMARCA;GUADUAS;f1739904-e536-42c2-8c27-7d67d6e7f682
25;25322;CUNDINAMARCA;GUASCA;f1739904-e536-42c2-8c27-7d67d6e7f682
25;25324;CUNDINAMARCA;GUATAQUÍ;f1739904-e536-42c2-8c27-7d67d6e7f682
25;25326;CUNDINAMARCA;GUATAVITA;f1739904-e536-42c2-8c27-7d67d6e7f682
25;25328;CUNDINAMARCA;GUAYABAL DE SÍQUIMA;f1739904-e536-42c2-8c27-7d67d6e7f682
25;25335;CUNDINAMARCA;GUAYABETAL;f1739904-e536-42c2-8c27-7d67d6e7f682
25;25339;CUNDINAMARCA;GUTIÉRREZ;f1739904-e536-42c2-8c27-7d67d6e7f682
25;25368;CUNDINAMARCA;JERUSALÉN;f1739904-e536-42c2-8c27-7d67d6e7f682
25;25372;CUNDINAMARCA;JUNÍN;f1739904-e536-42c2-8c27-7d67d6e7f682
25;25377;CUNDINAMARCA;LA CALERA;f1739904-e536-42c2-8c27-7d67d6e7f682
25;25386;CUNDINAMARCA;LA MESA;f1739904-e536-42c2-8c27-7d67d6e7f682
25;25394;CUNDINAMARCA;LA PALMA;f1739904-e536-42c2-8c27-7d67d6e7f682
25;25398;CUNDINAMARCA;LA PEÑA;f1739904-e536-42c2-8c27-7d67d6e7f682
25;25402;CUNDINAMARCA;LA VEGA;f1739904-e536-42c2-8c27-7d67d6e7f682
25;25407;CUNDINAMARCA;LENGUAZAQUE;f1739904-e536-42c2-8c27-7d67d6e7f682
25;25426;CUNDINAMARCA;MACHETÁ;f1739904-e536-42c2-8c27-7d67d6e7f682
25;25430;CUNDINAMARCA;MADRID;f1739904-e536-42c2-8c27-7d67d6e7f682
25;25436;CUNDINAMARCA;MANTA;f1739904-e536-42c2-8c27-7d67d6e7f682
25;25438;CUNDINAMARCA;MEDINA;f1739904-e536-42c2-8c27-7d67d6e7f682
25;25473;CUNDINAMARCA;MOSQUERA;f1739904-e536-42c2-8c27-7d67d6e7f682
25;25483;CUNDINAMARCA;NARIÑO;f1739904-e536-42c2-8c27-7d67d6e7f682
25;25486;CUNDINAMARCA;NEMOCÓN;f1739904-e536-42c2-8c27-7d67d6e7f682
25;25488;CUNDINAMARCA;NILO;f1739904-e536-42c2-8c27-7d67d6e7f682
25;25489;CUNDINAMARCA;NIMAIMA;f1739904-e536-42c2-8c27-7d67d6e7f682
25;25491;CUNDINAMARCA;NOCAIMA;f1739904-e536-42c2-8c27-7d67d6e7f682
25;25506;CUNDINAMARCA;VENECIA;f1739904-e536-42c2-8c27-7d67d6e7f682
25;25513;CUNDINAMARCA;PACHO;f1739904-e536-42c2-8c27-7d67d6e7f682
25;25518;CUNDINAMARCA;PAIME;f1739904-e536-42c2-8c27-7d67d6e7f682
25;25524;CUNDINAMARCA;PANDI;f1739904-e536-42c2-8c27-7d67d6e7f682
25;25530;CUNDINAMARCA;PARATEBUENO;f1739904-e536-42c2-8c27-7d67d6e7f682
25;25535;CUNDINAMARCA;PASCA;f1739904-e536-42c2-8c27-7d67d6e7f682
25;25572;CUNDINAMARCA;PUERTO SALGAR;f1739904-e536-42c2-8c27-7d67d6e7f682
25;25580;CUNDINAMARCA;PULÍ;f1739904-e536-42c2-8c27-7d67d6e7f682
25;25592;CUNDINAMARCA;QUEBRADANEGRA;f1739904-e536-42c2-8c27-7d67d6e7f682
25;25594;CUNDINAMARCA;QUETAME;f1739904-e536-42c2-8c27-7d67d6e7f682
25;25596;CUNDINAMARCA;QUIPILE;f1739904-e536-42c2-8c27-7d67d6e7f682
25;25599;CUNDINAMARCA;APULO;f1739904-e536-42c2-8c27-7d67d6e7f682
25;25612;CUNDINAMARCA;RICAURTE;f1739904-e536-42c2-8c27-7d67d6e7f682
25;25645;CUNDINAMARCA;SAN ANTONIO DEL TEQUENDAMA;f1739904-e536-42c2-8c27-7d67d6e7f682
25;25649;CUNDINAMARCA;SAN BERNARDO;f1739904-e536-42c2-8c27-7d67d6e7f682
25;25653;CUNDINAMARCA;SAN CAYETANO;f1739904-e536-42c2-8c27-7d67d6e7f682
25;25658;CUNDINAMARCA;SAN FRANCISCO;f1739904-e536-42c2-8c27-7d67d6e7f682
25;25662;CUNDINAMARCA;SAN JUAN DE RIOSECO;f1739904-e536-42c2-8c27-7d67d6e7f682
25;25718;CUNDINAMARCA;SASAIMA;f1739904-e536-42c2-8c27-7d67d6e7f682
25;25736;CUNDINAMARCA;SESQUILÉ;f1739904-e536-42c2-8c27-7d67d6e7f682
25;25740;CUNDINAMARCA;SIBATÉ;f1739904-e536-42c2-8c27-7d67d6e7f682
25;25743;CUNDINAMARCA;SILVANIA;f1739904-e536-42c2-8c27-7d67d6e7f682
25;25745;CUNDINAMARCA;SIMIJACA;f1739904-e536-42c2-8c27-7d67d6e7f682
25;25754;CUNDINAMARCA;SOACHA;f1739904-e536-42c2-8c27-7d67d6e7f682
25;25758;CUNDINAMARCA;SOPÓ;f1739904-e536-42c2-8c27-7d67d6e7f682
25;25769;CUNDINAMARCA;SUBACHOQUE;f1739904-e536-42c2-8c27-7d67d6e7f682
25;25772;CUNDINAMARCA;SUESCA;f1739904-e536-42c2-8c27-7d67d6e7f682
25;25777;CUNDINAMARCA;SUPATÁ;f1739904-e536-42c2-8c27-7d67d6e7f682
25;25779;CUNDINAMARCA;SUSA;f1739904-e536-42c2-8c27-7d67d6e7f682
25;25781;CUNDINAMARCA;SUTATAUSA;f1739904-e536-42c2-8c27-7d67d6e7f682
25;25785;CUNDINAMARCA;TABIO;f1739904-e536-42c2-8c27-7d67d6e7f682
25;25793;CUNDINAMARCA;TAUSA;f1739904-e536-42c2-8c27-7d67d6e7f682
25;25797;CUNDINAMARCA;TENA;f1739904-e536-42c2-8c27-7d67d6e7f682
25;25799;CUNDINAMARCA;TENJO;f1739904-e536-42c2-8c27-7d67d6e7f682
25;25805;CUNDINAMARCA;TIBACUY;f1739904-e536-42c2-8c27-7d67d6e7f682
25;25807;CUNDINAMARCA;TIBIRITA;f1739904-e536-42c2-8c27-7d67d6e7f682
25;25815;CUNDINAMARCA;TOCAIMA;f1739904-e536-42c2-8c27-7d67d6e7f682
25;25817;CUNDINAMARCA;TOCANCIPÁ;f1739904-e536-42c2-8c27-7d67d6e7f682
25;25823;CUNDINAMARCA;TOPAIPÍ;f1739904-e536-42c2-8c27-7d67d6e7f682
25;25839;CUNDINAMARCA;UBALÁ;f1739904-e536-42c2-8c27-7d67d6e7f682
25;25841;CUNDINAMARCA;UBAQUE;f1739904-e536-42c2-8c27-7d67d6e7f682
25;25843;CUNDINAMARCA;VILLA DE SAN DIEGO DE UBATÉ;f1739904-e536-42c2-8c27-7d67d6e7f682
25;25845;CUNDINAMARCA;UNE;f1739904-e536-42c2-8c27-7d67d6e7f682
25;25851;CUNDINAMARCA;ÚTICA;f1739904-e536-42c2-8c27-7d67d6e7f682
25;25862;CUNDINAMARCA;VERGARA;f1739904-e536-42c2-8c27-7d67d6e7f682
25;25867;CUNDINAMARCA;VIANÍ;f1739904-e536-42c2-8c27-7d67d6e7f682
25;25871;CUNDINAMARCA;VILLAGÓMEZ;f1739904-e536-42c2-8c27-7d67d6e7f682
25;25873;CUNDINAMARCA;VILLAPINZÓN;f1739904-e536-42c2-8c27-7d67d6e7f682
25;25875;CUNDINAMARCA;VILLETA;f1739904-e536-42c2-8c27-7d67d6e7f682
25;25878;CUNDINAMARCA;VIOTÁ;f1739904-e536-42c2-8c27-7d67d6e7f682
25;25885;CUNDINAMARCA;YACOPÍ;f1739904-e536-42c2-8c27-7d67d6e7f682
25;25898;CUNDINAMARCA;ZIPACÓN;f1739904-e536-42c2-8c27-7d67d6e7f682
25;25899;CUNDINAMARCA;ZIPAQUIRÁ;f1739904-e536-42c2-8c27-7d67d6e7f682
27;27001;CHOCÓ;QUIBDÓ;ac8970d8-6f04-44ec-a74a-75283705dc69
27;27006;CHOCÓ;ACANDÍ;ac8970d8-6f04-44ec-a74a-75283705dc69
27;27025;CHOCÓ;ALTO BAUDÓ;ac8970d8-6f04-44ec-a74a-75283705dc69
27;27050;CHOCÓ;ATRATO;ac8970d8-6f04-44ec-a74a-75283705dc69
27;27073;CHOCÓ;BAGADÓ;ac8970d8-6f04-44ec-a74a-75283705dc69
27;27075;CHOCÓ;BAHÍA SOLANO;ac8970d8-6f04-44ec-a74a-75283705dc69
27;27077;CHOCÓ;BAJO BAUDÓ;ac8970d8-6f04-44ec-a74a-75283705dc69
27;27099;CHOCÓ;BOJAYÁ;ac8970d8-6f04-44ec-a74a-75283705dc69
27;27135;CHOCÓ;EL CANTÓN DEL SAN PABLO;ac8970d8-6f04-44ec-a74a-75283705dc69
27;27150;CHOCÓ;CARMEN DEL DARIÉN;ac8970d8-6f04-44ec-a74a-75283705dc69
27;27160;CHOCÓ;CÉRTEGUI;ac8970d8-6f04-44ec-a74a-75283705dc69
27;27205;CHOCÓ;CONDOTO;ac8970d8-6f04-44ec-a74a-75283705dc69
27;27245;CHOCÓ;EL CARMEN DE ATRATO;ac8970d8-6f04-44ec-a74a-75283705dc69
27;27250;CHOCÓ;EL LITORAL DEL SAN JUAN;ac8970d8-6f04-44ec-a74a-75283705dc69
27;27361;CHOCÓ;ISTMINA;ac8970d8-6f04-44ec-a74a-75283705dc69
27;27372;CHOCÓ;JURADÓ;ac8970d8-6f04-44ec-a74a-75283705dc69
27;27413;CHOCÓ;LLORÓ;ac8970d8-6f04-44ec-a74a-75283705dc69
27;27425;CHOCÓ;MEDIO ATRATO;ac8970d8-6f04-44ec-a74a-75283705dc69
27;27430;CHOCÓ;MEDIO BAUDÓ;ac8970d8-6f04-44ec-a74a-75283705dc69
27;27450;CHOCÓ;MEDIO SAN JUAN;ac8970d8-6f04-44ec-a74a-75283705dc69
27;27491;CHOCÓ;NÓVITA;ac8970d8-6f04-44ec-a74a-75283705dc69
27;27495;CHOCÓ;NUQUÍ;ac8970d8-6f04-44ec-a74a-75283705dc69
27;27580;CHOCÓ;RÍO IRÓ;ac8970d8-6f04-44ec-a74a-75283705dc69
27;27600;CHOCÓ;RÍO QUITO;ac8970d8-6f04-44ec-a74a-75283705dc69
27;27615;CHOCÓ;RIOSUCIO;ac8970d8-6f04-44ec-a74a-75283705dc69
27;27660;CHOCÓ;SAN JOSÉ DEL PALMAR;ac8970d8-6f04-44ec-a74a-75283705dc69
27;27745;CHOCÓ;SIPÍ;ac8970d8-6f04-44ec-a74a-75283705dc69
27;27787;CHOCÓ;TADÓ;ac8970d8-6f04-44ec-a74a-75283705dc69
27;27800;CHOCÓ;UNGUÍA;ac8970d8-6f04-44ec-a74a-75283705dc69
27;27810;CHOCÓ;UNIÓN PANAMERICANA;ac8970d8-6f04-44ec-a74a-75283705dc69
41;41001;HUILA;NEIVA;38c830e4-ba5b-4046-aab2-4aabf797b7d2
41;41006;HUILA;ACEVEDO;38c830e4-ba5b-4046-aab2-4aabf797b7d2
41;41013;HUILA;AGRADO;38c830e4-ba5b-4046-aab2-4aabf797b7d2
41;41016;HUILA;AIPE;38c830e4-ba5b-4046-aab2-4aabf797b7d2
41;41020;HUILA;ALGECIRAS;38c830e4-ba5b-4046-aab2-4aabf797b7d2
41;41026;HUILA;ALTAMIRA;38c830e4-ba5b-4046-aab2-4aabf797b7d2
41;41078;HUILA;BARAYA;38c830e4-ba5b-4046-aab2-4aabf797b7d2
41;41132;HUILA;CAMPOALEGRE;38c830e4-ba5b-4046-aab2-4aabf797b7d2
41;41206;HUILA;COLOMBIA;38c830e4-ba5b-4046-aab2-4aabf797b7d2
41;41244;HUILA;ELÍAS;38c830e4-ba5b-4046-aab2-4aabf797b7d2
41;41298;HUILA;GARZÓN;38c830e4-ba5b-4046-aab2-4aabf797b7d2
41;41306;HUILA;GIGANTE;38c830e4-ba5b-4046-aab2-4aabf797b7d2
41;41319;HUILA;GUADALUPE;38c830e4-ba5b-4046-aab2-4aabf797b7d2
41;41349;HUILA;HOBO;38c830e4-ba5b-4046-aab2-4aabf797b7d2
41;41357;HUILA;ÍQUIRA;38c830e4-ba5b-4046-aab2-4aabf797b7d2
41;41359;HUILA;ISNOS;38c830e4-ba5b-4046-aab2-4aabf797b7d2
41;41378;HUILA;LA ARGENTINA;38c830e4-ba5b-4046-aab2-4aabf797b7d2
41;41396;HUILA;LA PLATA;38c830e4-ba5b-4046-aab2-4aabf797b7d2
41;41483;HUILA;NÁTAGA;38c830e4-ba5b-4046-aab2-4aabf797b7d2
41;41503;HUILA;OPORAPA;38c830e4-ba5b-4046-aab2-4aabf797b7d2
41;41518;HUILA;PAICOL;38c830e4-ba5b-4046-aab2-4aabf797b7d2
41;41524;HUILA;PALERMO;38c830e4-ba5b-4046-aab2-4aabf797b7d2
41;41530;HUILA;PALESTINA;38c830e4-ba5b-4046-aab2-4aabf797b7d2
41;41548;HUILA;PITAL;38c830e4-ba5b-4046-aab2-4aabf797b7d2
41;41551;HUILA;PITALITO;38c830e4-ba5b-4046-aab2-4aabf797b7d2
41;41615;HUILA;RIVERA;38c830e4-ba5b-4046-aab2-4aabf797b7d2
41;41660;HUILA;SALADOBLANCO;38c830e4-ba5b-4046-aab2-4aabf797b7d2
41;41668;HUILA;SAN AGUSTÍN;38c830e4-ba5b-4046-aab2-4aabf797b7d2
41;41676;HUILA;SANTA MARÍA;38c830e4-ba5b-4046-aab2-4aabf797b7d2
41;41770;HUILA;SUAZA;38c830e4-ba5b-4046-aab2-4aabf797b7d2
41;41791;HUILA;TARQUI;38c830e4-ba5b-4046-aab2-4aabf797b7d2
41;41797;HUILA;TESALIA;38c830e4-ba5b-4046-aab2-4aabf797b7d2
41;41799;HUILA;TELLO;38c830e4-ba5b-4046-aab2-4aabf797b7d2
41;41801;HUILA;TERUEL;38c830e4-ba5b-4046-aab2-4aabf797b7d2
41;41807;HUILA;TIMANÁ;38c830e4-ba5b-4046-aab2-4aabf797b7d2
41;41872;HUILA;VILLAVIEJA;38c830e4-ba5b-4046-aab2-4aabf797b7d2
41;41885;HUILA;YAGUARÁ;38c830e4-ba5b-4046-aab2-4aabf797b7d2
44;44001;LA GUAJIRA;RIOHACHA;7dba66a3-9b2c-4d04-acd4-a51feb5f4214
44;44035;LA GUAJIRA;ALBANIA;7dba66a3-9b2c-4d04-acd4-a51feb5f4214
44;44078;LA GUAJIRA;BARRANCAS;7dba66a3-9b2c-4d04-acd4-a51feb5f4214
44;44090;LA GUAJIRA;DIBULLA;7dba66a3-9b2c-4d04-acd4-a51feb5f4214
44;44098;LA GUAJIRA;DISTRACCIÓN;7dba66a3-9b2c-4d04-acd4-a51feb5f4214
44;44110;LA GUAJIRA;EL MOLINO;7dba66a3-9b2c-4d04-acd4-a51feb5f4214
44;44279;LA GUAJIRA;FONSECA;7dba66a3-9b2c-4d04-acd4-a51feb5f4214
44;44378;LA GUAJIRA;HATONUEVO;7dba66a3-9b2c-4d04-acd4-a51feb5f4214
44;44420;LA GUAJIRA;LA JAGUA DEL PILAR;7dba66a3-9b2c-4d04-acd4-a51feb5f4214
44;44430;LA GUAJIRA;MAICAO;7dba66a3-9b2c-4d04-acd4-a51feb5f4214
44;44560;LA GUAJIRA;MANAURE;7dba66a3-9b2c-4d04-acd4-a51feb5f4214
44;44650;LA GUAJIRA;SAN JUAN DEL CESAR;7dba66a3-9b2c-4d04-acd4-a51feb5f4214
44;44847;LA GUAJIRA;URIBIA;7dba66a3-9b2c-4d04-acd4-a51feb5f4214
44;44855;LA GUAJIRA;URUMITA;7dba66a3-9b2c-4d04-acd4-a51feb5f4214
44;44874;LA GUAJIRA;VILLANUEVA;7dba66a3-9b2c-4d04-acd4-a51feb5f4214
47;47001;MAGDALENA;SANTA MARTA;aa9aaa76-b18f-4681-b046-cb70abe67bea
47;47030;MAGDALENA;ALGARROBO;aa9aaa76-b18f-4681-b046-cb70abe67bea
47;47053;MAGDALENA;ARACATACA;aa9aaa76-b18f-4681-b046-cb70abe67bea
47;47058;MAGDALENA;ARIGUANÍ;aa9aaa76-b18f-4681-b046-cb70abe67bea
47;47161;MAGDALENA;CERRO DE SAN ANTONIO;aa9aaa76-b18f-4681-b046-cb70abe67bea
47;47170;MAGDALENA;CHIVOLO;aa9aaa76-b18f-4681-b046-cb70abe67bea
47;47189;MAGDALENA;CIÉNAGA;aa9aaa76-b18f-4681-b046-cb70abe67bea
47;47205;MAGDALENA;CONCORDIA;aa9aaa76-b18f-4681-b046-cb70abe67bea
47;47245;MAGDALENA;EL BANCO;aa9aaa76-b18f-4681-b046-cb70abe67bea
47;47258;MAGDALENA;EL PIÑÓN;aa9aaa76-b18f-4681-b046-cb70abe67bea
47;47268;MAGDALENA;EL RETÉN;aa9aaa76-b18f-4681-b046-cb70abe67bea
47;47288;MAGDALENA;FUNDACIÓN;aa9aaa76-b18f-4681-b046-cb70abe67bea
47;47318;MAGDALENA;GUAMAL;aa9aaa76-b18f-4681-b046-cb70abe67bea
47;47460;MAGDALENA;NUEVA GRANADA;aa9aaa76-b18f-4681-b046-cb70abe67bea
47;47541;MAGDALENA;PEDRAZA;aa9aaa76-b18f-4681-b046-cb70abe67bea
47;47545;MAGDALENA;PIJIÑO DEL CARMEN;aa9aaa76-b18f-4681-b046-cb70abe67bea
47;47551;MAGDALENA;PIVIJAY;aa9aaa76-b18f-4681-b046-cb70abe67bea
47;47555;MAGDALENA;PLATO;aa9aaa76-b18f-4681-b046-cb70abe67bea
47;47570;MAGDALENA;PUEBLOVIEJO;aa9aaa76-b18f-4681-b046-cb70abe67bea
47;47605;MAGDALENA;REMOLINO;aa9aaa76-b18f-4681-b046-cb70abe67bea
47;47660;MAGDALENA;SABANAS DE SAN ÁNGEL;aa9aaa76-b18f-4681-b046-cb70abe67bea
47;47675;MAGDALENA;SALAMINA;aa9aaa76-b18f-4681-b046-cb70abe67bea
47;47692;MAGDALENA;SAN SEBASTIÁN DE BUENAVISTA;aa9aaa76-b18f-4681-b046-cb70abe67bea
47;47703;MAGDALENA;SAN ZENÓN;aa9aaa76-b18f-4681-b046-cb70abe67bea
47;47707;MAGDALENA;SANTA ANA;aa9aaa76-b18f-4681-b046-cb70abe67bea
47;47720;MAGDALENA;SANTA BÁRBARA DE PINTO;aa9aaa76-b18f-4681-b046-cb70abe67bea
47;47745;MAGDALENA;SITIONUEVO;aa9aaa76-b18f-4681-b046-cb70abe67bea
47;47798;MAGDALENA;TENERIFE;aa9aaa76-b18f-4681-b046-cb70abe67bea
47;47960;MAGDALENA;ZAPAYÁN;aa9aaa76-b18f-4681-b046-cb70abe67bea
47;47980;MAGDALENA;ZONA BANANERA;aa9aaa76-b18f-4681-b046-cb70abe67bea
50;50001;META;VILLAVICENCIO;cf74f697-e51c-48a8-a80e-f23277c78f18
50;50006;META;ACACÍAS;cf74f697-e51c-48a8-a80e-f23277c78f18
50;50110;META;BARRANCA DE UPÍA;cf74f697-e51c-48a8-a80e-f23277c78f18
50;50124;META;CABUYARO;cf74f697-e51c-48a8-a80e-f23277c78f18
50;50150;META;CASTILLA LA NUEVA;cf74f697-e51c-48a8-a80e-f23277c78f18
50;50223;META;CUBARRAL;cf74f697-e51c-48a8-a80e-f23277c78f18
50;50226;META;CUMARAL;cf74f697-e51c-48a8-a80e-f23277c78f18
50;50245;META;EL CALVARIO;cf74f697-e51c-48a8-a80e-f23277c78f18
50;50251;META;EL CASTILLO;cf74f697-e51c-48a8-a80e-f23277c78f18
50;50270;META;EL DORADO;cf74f697-e51c-48a8-a80e-f23277c78f18
50;50287;META;FUENTE DE ORO;cf74f697-e51c-48a8-a80e-f23277c78f18
50;50313;META;GRANADA;cf74f697-e51c-48a8-a80e-f23277c78f18
50;50318;META;GUAMAL;cf74f697-e51c-48a8-a80e-f23277c78f18
50;50325;META;MAPIRIPÁN;cf74f697-e51c-48a8-a80e-f23277c78f18
50;50330;META;MESETAS;cf74f697-e51c-48a8-a80e-f23277c78f18
50;50350;META;LA MACARENA;cf74f697-e51c-48a8-a80e-f23277c78f18
50;50370;META;URIBE;cf74f697-e51c-48a8-a80e-f23277c78f18
50;50400;META;LEJANÍAS;cf74f697-e51c-48a8-a80e-f23277c78f18
50;50450;META;PUERTO CONCORDIA;cf74f697-e51c-48a8-a80e-f23277c78f18
50;50568;META;PUERTO GAITÁN;cf74f697-e51c-48a8-a80e-f23277c78f18
50;50573;META;PUERTO LÓPEZ;cf74f697-e51c-48a8-a80e-f23277c78f18
50;50577;META;PUERTO LLERAS;cf74f697-e51c-48a8-a80e-f23277c78f18
50;50590;META;PUERTO RICO;cf74f697-e51c-48a8-a80e-f23277c78f18
50;50606;META;RESTREPO;cf74f697-e51c-48a8-a80e-f23277c78f18
50;50680;META;SAN CARLOS DE GUAROA;cf74f697-e51c-48a8-a80e-f23277c78f18
50;50683;META;SAN JUAN DE ARAMA;cf74f697-e51c-48a8-a80e-f23277c78f18
50;50686;META;SAN JUANITO;cf74f697-e51c-48a8-a80e-f23277c78f18
50;50689;META;SAN MARTÍN;cf74f697-e51c-48a8-a80e-f23277c78f18
50;50711;META;VISTAHERMOSA;cf74f697-e51c-48a8-a80e-f23277c78f18
52;52001;NARIÑO;PASTO;0e64e121-5bb9-4f91-ad60-bc414675ccd6
52;52019;NARIÑO;ALBÁN;0e64e121-5bb9-4f91-ad60-bc414675ccd6
52;52022;NARIÑO;ALDANA;0e64e121-5bb9-4f91-ad60-bc414675ccd6
52;52036;NARIÑO;ANCUYA;0e64e121-5bb9-4f91-ad60-bc414675ccd6
52;52051;NARIÑO;ARBOLEDA;0e64e121-5bb9-4f91-ad60-bc414675ccd6
52;52079;NARIÑO;BARBACOAS;0e64e121-5bb9-4f91-ad60-bc414675ccd6
52;52083;NARIÑO;BELÉN;0e64e121-5bb9-4f91-ad60-bc414675ccd6
52;52110;NARIÑO;BUESACO;0e64e121-5bb9-4f91-ad60-bc414675ccd6
52;52203;NARIÑO;COLÓN;0e64e121-5bb9-4f91-ad60-bc414675ccd6
52;52207;NARIÑO;CONSACÁ;0e64e121-5bb9-4f91-ad60-bc414675ccd6
52;52210;NARIÑO;CONTADERO;0e64e121-5bb9-4f91-ad60-bc414675ccd6
52;52215;NARIÑO;CÓRDOBA;0e64e121-5bb9-4f91-ad60-bc414675ccd6
52;52224;NARIÑO;CUASPUD CARLOSAMA;0e64e121-5bb9-4f91-ad60-bc414675ccd6
52;52227;NARIÑO;CUMBAL;0e64e121-5bb9-4f91-ad60-bc414675ccd6
52;52233;NARIÑO;CUMBITARA;0e64e121-5bb9-4f91-ad60-bc414675ccd6
52;52240;NARIÑO;CHACHAGÜÍ;0e64e121-5bb9-4f91-ad60-bc414675ccd6
52;52250;NARIÑO;EL CHARCO;0e64e121-5bb9-4f91-ad60-bc414675ccd6
52;52254;NARIÑO;EL PEÑOL;0e64e121-5bb9-4f91-ad60-bc414675ccd6
52;52256;NARIÑO;EL ROSARIO;0e64e121-5bb9-4f91-ad60-bc414675ccd6
52;52258;NARIÑO;EL TABLÓN DE GÓMEZ;0e64e121-5bb9-4f91-ad60-bc414675ccd6
52;52260;NARIÑO;EL TAMBO;0e64e121-5bb9-4f91-ad60-bc414675ccd6
52;52287;NARIÑO;FUNES;0e64e121-5bb9-4f91-ad60-bc414675ccd6
52;52317;NARIÑO;GUACHUCAL;0e64e121-5bb9-4f91-ad60-bc414675ccd6
52;52320;NARIÑO;GUAITARILLA;0e64e121-5bb9-4f91-ad60-bc414675ccd6
52;52323;NARIÑO;GUALMATÁN;0e64e121-5bb9-4f91-ad60-bc414675ccd6
52;52352;NARIÑO;ILES;0e64e121-5bb9-4f91-ad60-bc414675ccd6
52;52354;NARIÑO;IMUÉS;0e64e121-5bb9-4f91-ad60-bc414675ccd6
52;52356;NARIÑO;IPIALES;0e64e121-5bb9-4f91-ad60-bc414675ccd6
52;52378;NARIÑO;LA CRUZ;0e64e121-5bb9-4f91-ad60-bc414675ccd6
52;52381;NARIÑO;LA FLORIDA;0e64e121-5bb9-4f91-ad60-bc414675ccd6
52;52385;NARIÑO;LA LLANADA;0e64e121-5bb9-4f91-ad60-bc414675ccd6
52;52390;NARIÑO;LA TOLA;0e64e121-5bb9-4f91-ad60-bc414675ccd6
52;52399;NARIÑO;LA UNIÓN;0e64e121-5bb9-4f91-ad60-bc414675ccd6
52;52405;NARIÑO;LEIVA;0e64e121-5bb9-4f91-ad60-bc414675ccd6
52;52411;NARIÑO;LINARES;0e64e121-5bb9-4f91-ad60-bc414675ccd6
52;52418;NARIÑO;LOS ANDES;0e64e121-5bb9-4f91-ad60-bc414675ccd6
52;52427;NARIÑO;MAGÜÍ;0e64e121-5bb9-4f91-ad60-bc414675ccd6
52;52435;NARIÑO;MALLAMA;0e64e121-5bb9-4f91-ad60-bc414675ccd6
52;52473;NARIÑO;MOSQUERA;0e64e121-5bb9-4f91-ad60-bc414675ccd6
52;52480;NARIÑO;NARIÑO;0e64e121-5bb9-4f91-ad60-bc414675ccd6
52;52490;NARIÑO;OLAYA HERRERA;0e64e121-5bb9-4f91-ad60-bc414675ccd6
52;52506;NARIÑO;OSPINA;0e64e121-5bb9-4f91-ad60-bc414675ccd6
52;52520;NARIÑO;FRANCISCO PIZARRO;0e64e121-5bb9-4f91-ad60-bc414675ccd6
52;52540;NARIÑO;POLICARPA;0e64e121-5bb9-4f91-ad60-bc414675ccd6
52;52560;NARIÑO;POTOSÍ;0e64e121-5bb9-4f91-ad60-bc414675ccd6
52;52565;NARIÑO;PROVIDENCIA;0e64e121-5bb9-4f91-ad60-bc414675ccd6
52;52573;NARIÑO;PUERRES;0e64e121-5bb9-4f91-ad60-bc414675ccd6
52;52585;NARIÑO;PUPIALES;0e64e121-5bb9-4f91-ad60-bc414675ccd6
52;52612;NARIÑO;RICAURTE;0e64e121-5bb9-4f91-ad60-bc414675ccd6
52;52621;NARIÑO;ROBERTO PAYÁN;0e64e121-5bb9-4f91-ad60-bc414675ccd6
52;52678;NARIÑO;SAMANIEGO;0e64e121-5bb9-4f91-ad60-bc414675ccd6
52;52683;NARIÑO;SANDONÁ;0e64e121-5bb9-4f91-ad60-bc414675ccd6
52;52685;NARIÑO;SAN BERNARDO;0e64e121-5bb9-4f91-ad60-bc414675ccd6
52;52687;NARIÑO;SAN LORENZO;0e64e121-5bb9-4f91-ad60-bc414675ccd6
52;52693;NARIÑO;SAN PABLO;0e64e121-5bb9-4f91-ad60-bc414675ccd6
52;52694;NARIÑO;SAN PEDRO DE CARTAGO;0e64e121-5bb9-4f91-ad60-bc414675ccd6
52;52696;NARIÑO;SANTA BÁRBARA;0e64e121-5bb9-4f91-ad60-bc414675ccd6
52;52699;NARIÑO;SANTACRUZ;0e64e121-5bb9-4f91-ad60-bc414675ccd6
52;52720;NARIÑO;SAPUYES;0e64e121-5bb9-4f91-ad60-bc414675ccd6
52;52786;NARIÑO;TAMINANGO;0e64e121-5bb9-4f91-ad60-bc414675ccd6
52;52788;NARIÑO;TANGUA;0e64e121-5bb9-4f91-ad60-bc414675ccd6
52;52835;NARIÑO;SAN ANDRÉS DE TUMACO;0e64e121-5bb9-4f91-ad60-bc414675ccd6
52;52838;NARIÑO;TÚQUERRES;0e64e121-5bb9-4f91-ad60-bc414675ccd6
52;52885;NARIÑO;YACUANQUER;0e64e121-5bb9-4f91-ad60-bc414675ccd6
54;54001;NORTE DE SANTANDER;SAN JOSÉ DE CÚCUTA;0581cb8a-97c5-4c38-a2ca-6c1305f30cf5
54;54003;NORTE DE SANTANDER;ÁBREGO;0581cb8a-97c5-4c38-a2ca-6c1305f30cf5
54;54051;NORTE DE SANTANDER;ARBOLEDAS;0581cb8a-97c5-4c38-a2ca-6c1305f30cf5
54;54099;NORTE DE SANTANDER;BOCHALEMA;0581cb8a-97c5-4c38-a2ca-6c1305f30cf5
54;54109;NORTE DE SANTANDER;BUCARASICA;0581cb8a-97c5-4c38-a2ca-6c1305f30cf5
54;54125;NORTE DE SANTANDER;CÁCOTA;0581cb8a-97c5-4c38-a2ca-6c1305f30cf5
54;54128;NORTE DE SANTANDER;CÁCHIRA;0581cb8a-97c5-4c38-a2ca-6c1305f30cf5
54;54172;NORTE DE SANTANDER;CHINÁCOTA;0581cb8a-97c5-4c38-a2ca-6c1305f30cf5
54;54174;NORTE DE SANTANDER;CHITAGÁ;0581cb8a-97c5-4c38-a2ca-6c1305f30cf5
54;54206;NORTE DE SANTANDER;CONVENCIÓN;0581cb8a-97c5-4c38-a2ca-6c1305f30cf5
54;54223;NORTE DE SANTANDER;CUCUTILLA;0581cb8a-97c5-4c38-a2ca-6c1305f30cf5
54;54239;NORTE DE SANTANDER;DURANIA;0581cb8a-97c5-4c38-a2ca-6c1305f30cf5
54;54245;NORTE DE SANTANDER;EL CARMEN;0581cb8a-97c5-4c38-a2ca-6c1305f30cf5
54;54250;NORTE DE SANTANDER;EL TARRA;0581cb8a-97c5-4c38-a2ca-6c1305f30cf5
54;54261;NORTE DE SANTANDER;EL ZULIA;0581cb8a-97c5-4c38-a2ca-6c1305f30cf5
54;54313;NORTE DE SANTANDER;GRAMALOTE;0581cb8a-97c5-4c38-a2ca-6c1305f30cf5
54;54344;NORTE DE SANTANDER;HACARÍ;0581cb8a-97c5-4c38-a2ca-6c1305f30cf5
54;54347;NORTE DE SANTANDER;HERRÁN;0581cb8a-97c5-4c38-a2ca-6c1305f30cf5
54;54377;NORTE DE SANTANDER;LABATECA;0581cb8a-97c5-4c38-a2ca-6c1305f30cf5
54;54385;NORTE DE SANTANDER;LA ESPERANZA;0581cb8a-97c5-4c38-a2ca-6c1305f30cf5
54;54398;NORTE DE SANTANDER;LA PLAYA;0581cb8a-97c5-4c38-a2ca-6c1305f30cf5
54;54405;NORTE DE SANTANDER;LOS PATIOS;0581cb8a-97c5-4c38-a2ca-6c1305f30cf5
54;54418;NORTE DE SANTANDER;LOURDES;0581cb8a-97c5-4c38-a2ca-6c1305f30cf5
54;54480;NORTE DE SANTANDER;MUTISCUA;0581cb8a-97c5-4c38-a2ca-6c1305f30cf5
54;54498;NORTE DE SANTANDER;OCAÑA;0581cb8a-97c5-4c38-a2ca-6c1305f30cf5
54;54518;NORTE DE SANTANDER;PAMPLONA;0581cb8a-97c5-4c38-a2ca-6c1305f30cf5
54;54520;NORTE DE SANTANDER;PAMPLONITA;0581cb8a-97c5-4c38-a2ca-6c1305f30cf5
54;54553;NORTE DE SANTANDER;PUERTO SANTANDER;0581cb8a-97c5-4c38-a2ca-6c1305f30cf5
54;54599;NORTE DE SANTANDER;RAGONVALIA;0581cb8a-97c5-4c38-a2ca-6c1305f30cf5
54;54660;NORTE DE SANTANDER;SALAZAR;0581cb8a-97c5-4c38-a2ca-6c1305f30cf5
54;54670;NORTE DE SANTANDER;SAN CALIXTO;0581cb8a-97c5-4c38-a2ca-6c1305f30cf5
54;54673;NORTE DE SANTANDER;SAN CAYETANO;0581cb8a-97c5-4c38-a2ca-6c1305f30cf5
54;54680;NORTE DE SANTANDER;SANTIAGO;0581cb8a-97c5-4c38-a2ca-6c1305f30cf5
54;54720;NORTE DE SANTANDER;SARDINATA;0581cb8a-97c5-4c38-a2ca-6c1305f30cf5
54;54743;NORTE DE SANTANDER;SILOS;0581cb8a-97c5-4c38-a2ca-6c1305f30cf5
54;54800;NORTE DE SANTANDER;TEORAMA;0581cb8a-97c5-4c38-a2ca-6c1305f30cf5
54;54810;NORTE DE SANTANDER;TIBÚ;0581cb8a-97c5-4c38-a2ca-6c1305f30cf5
54;54820;NORTE DE SANTANDER;TOLEDO;0581cb8a-97c5-4c38-a2ca-6c1305f30cf5
54;54871;NORTE DE SANTANDER;VILLA CARO;0581cb8a-97c5-4c38-a2ca-6c1305f30cf5
54;54874;NORTE DE SANTANDER;VILLA DEL ROSARIO;0581cb8a-97c5-4c38-a2ca-6c1305f30cf5
63;63001;QUINDÍO;ARMENIA;b1789925-1ca4-4f9c-a6d9-0ffad50c5f22
63;63111;QUINDÍO;BUENAVISTA;b1789925-1ca4-4f9c-a6d9-0ffad50c5f22
63;63130;QUINDÍO;CALARCÁ;b1789925-1ca4-4f9c-a6d9-0ffad50c5f22
63;63190;QUINDÍO;CIRCASIA;b1789925-1ca4-4f9c-a6d9-0ffad50c5f22
63;63212;QUINDÍO;CÓRDOBA;b1789925-1ca4-4f9c-a6d9-0ffad50c5f22
63;63272;QUINDÍO;FILANDIA;b1789925-1ca4-4f9c-a6d9-0ffad50c5f22
63;63302;QUINDÍO;GÉNOVA;b1789925-1ca4-4f9c-a6d9-0ffad50c5f22
63;63401;QUINDÍO;LA TEBAIDA;b1789925-1ca4-4f9c-a6d9-0ffad50c5f22
63;63470;QUINDÍO;MONTENEGRO;b1789925-1ca4-4f9c-a6d9-0ffad50c5f22
63;63548;QUINDÍO;PIJAO;b1789925-1ca4-4f9c-a6d9-0ffad50c5f22
63;63594;QUINDÍO;QUIMBAYA;b1789925-1ca4-4f9c-a6d9-0ffad50c5f22
63;63690;QUINDÍO;SALENTO;b1789925-1ca4-4f9c-a6d9-0ffad50c5f22
66;66001;RISARALDA;PEREIRA;99551a7e-63ce-4584-82ed-a583a568d57f
66;66045;RISARALDA;APÍA;99551a7e-63ce-4584-82ed-a583a568d57f
66;66075;RISARALDA;BALBOA;99551a7e-63ce-4584-82ed-a583a568d57f
66;66088;RISARALDA;BELÉN DE UMBRÍA;99551a7e-63ce-4584-82ed-a583a568d57f
66;66170;RISARALDA;DOSQUEBRADAS;99551a7e-63ce-4584-82ed-a583a568d57f
66;66318;RISARALDA;GUÁTICA;99551a7e-63ce-4584-82ed-a583a568d57f
66;66383;RISARALDA;LA CELIA;99551a7e-63ce-4584-82ed-a583a568d57f
66;66400;RISARALDA;LA VIRGINIA;99551a7e-63ce-4584-82ed-a583a568d57f
66;66440;RISARALDA;MARSELLA;99551a7e-63ce-4584-82ed-a583a568d57f
66;66456;RISARALDA;MISTRATÓ;99551a7e-63ce-4584-82ed-a583a568d57f
66;66572;RISARALDA;PUEBLO RICO;99551a7e-63ce-4584-82ed-a583a568d57f
66;66594;RISARALDA;QUINCHÍA;99551a7e-63ce-4584-82ed-a583a568d57f
66;66682;RISARALDA;SANTA ROSA DE CABAL;99551a7e-63ce-4584-82ed-a583a568d57f
66;66687;RISARALDA;SANTUARIO;99551a7e-63ce-4584-82ed-a583a568d57f
68;68001;SANTANDER;BUCARAMANGA;54a729f4-4c16-403e-a209-dddc1e0135a0
68;68013;SANTANDER;AGUADA;54a729f4-4c16-403e-a209-dddc1e0135a0
68;68020;SANTANDER;ALBANIA;54a729f4-4c16-403e-a209-dddc1e0135a0
68;68051;SANTANDER;ARATOCA;54a729f4-4c16-403e-a209-dddc1e0135a0
68;68077;SANTANDER;BARBOSA;54a729f4-4c16-403e-a209-dddc1e0135a0
68;68079;SANTANDER;BARICHARA;54a729f4-4c16-403e-a209-dddc1e0135a0
68;68081;SANTANDER;BARRANCABERMEJA;54a729f4-4c16-403e-a209-dddc1e0135a0
68;68092;SANTANDER;BETULIA;54a729f4-4c16-403e-a209-dddc1e0135a0
68;68101;SANTANDER;BOLÍVAR;54a729f4-4c16-403e-a209-dddc1e0135a0
68;68121;SANTANDER;CABRERA;54a729f4-4c16-403e-a209-dddc1e0135a0
68;68132;SANTANDER;CALIFORNIA;54a729f4-4c16-403e-a209-dddc1e0135a0
68;68147;SANTANDER;CAPITANEJO;54a729f4-4c16-403e-a209-dddc1e0135a0
68;68152;SANTANDER;CARCASÍ;54a729f4-4c16-403e-a209-dddc1e0135a0
68;68160;SANTANDER;CEPITÁ;54a729f4-4c16-403e-a209-dddc1e0135a0
68;68162;SANTANDER;CERRITO;54a729f4-4c16-403e-a209-dddc1e0135a0
68;68167;SANTANDER;CHARALÁ;54a729f4-4c16-403e-a209-dddc1e0135a0
68;68169;SANTANDER;CHARTA;54a729f4-4c16-403e-a209-dddc1e0135a0
68;68176;SANTANDER;CHIMA;54a729f4-4c16-403e-a209-dddc1e0135a0
68;68179;SANTANDER;CHIPATÁ;54a729f4-4c16-403e-a209-dddc1e0135a0
68;68190;SANTANDER;CIMITARRA;54a729f4-4c16-403e-a209-dddc1e0135a0
68;68207;SANTANDER;CONCEPCIÓN;54a729f4-4c16-403e-a209-dddc1e0135a0
68;68209;SANTANDER;CONFINES;54a729f4-4c16-403e-a209-dddc1e0135a0
68;68211;SANTANDER;CONTRATACIÓN;54a729f4-4c16-403e-a209-dddc1e0135a0
68;68217;SANTANDER;COROMORO;54a729f4-4c16-403e-a209-dddc1e0135a0
68;68229;SANTANDER;CURITÍ;54a729f4-4c16-403e-a209-dddc1e0135a0
68;68235;SANTANDER;EL CARMEN DE CHUCURI;54a729f4-4c16-403e-a209-dddc1e0135a0
68;68245;SANTANDER;EL GUACAMAYO;54a729f4-4c16-403e-a209-dddc1e0135a0
68;68250;SANTANDER;EL PEÑÓN;54a729f4-4c16-403e-a209-dddc1e0135a0
68;68255;SANTANDER;EL PLAYÓN;54a729f4-4c16-403e-a209-dddc1e0135a0
68;68264;SANTANDER;ENCINO;54a729f4-4c16-403e-a209-dddc1e0135a0
68;68266;SANTANDER;ENCISO;54a729f4-4c16-403e-a209-dddc1e0135a0
68;68271;SANTANDER;FLORIÁN;54a729f4-4c16-403e-a209-dddc1e0135a0
68;68276;SANTANDER;FLORIDABLANCA;54a729f4-4c16-403e-a209-dddc1e0135a0
68;68296;SANTANDER;GALÁN;54a729f4-4c16-403e-a209-dddc1e0135a0
68;68298;SANTANDER;GÁMBITA;54a729f4-4c16-403e-a209-dddc1e0135a0
68;68307;SANTANDER;GIRÓN;54a729f4-4c16-403e-a209-dddc1e0135a0
68;68318;SANTANDER;GUACA;54a729f4-4c16-403e-a209-dddc1e0135a0
68;68320;SANTANDER;GUADALUPE;54a729f4-4c16-403e-a209-dddc1e0135a0
68;68322;SANTANDER;GUAPOTÁ;54a729f4-4c16-403e-a209-dddc1e0135a0
68;68324;SANTANDER;GUAVATÁ;54a729f4-4c16-403e-a209-dddc1e0135a0
68;68327;SANTANDER;GÜEPSA;54a729f4-4c16-403e-a209-dddc1e0135a0
68;68344;SANTANDER;HATO;54a729f4-4c16-403e-a209-dddc1e0135a0
68;68368;SANTANDER;JESÚS MARÍA;54a729f4-4c16-403e-a209-dddc1e0135a0
68;68370;SANTANDER;JORDÁN;54a729f4-4c16-403e-a209-dddc1e0135a0
68;68377;SANTANDER;LA BELLEZA;54a729f4-4c16-403e-a209-dddc1e0135a0
68;68385;SANTANDER;LANDÁZURI;54a729f4-4c16-403e-a209-dddc1e0135a0
68;68397;SANTANDER;LA PAZ;54a729f4-4c16-403e-a209-dddc1e0135a0
68;68406;SANTANDER;LEBRIJA;54a729f4-4c16-403e-a209-dddc1e0135a0
68;68418;SANTANDER;LOS SANTOS;54a729f4-4c16-403e-a209-dddc1e0135a0
68;68425;SANTANDER;MACARAVITA;54a729f4-4c16-403e-a209-dddc1e0135a0
68;68432;SANTANDER;MÁLAGA;54a729f4-4c16-403e-a209-dddc1e0135a0
68;68444;SANTANDER;MATANZA;54a729f4-4c16-403e-a209-dddc1e0135a0
68;68464;SANTANDER;MOGOTES;54a729f4-4c16-403e-a209-dddc1e0135a0
68;68468;SANTANDER;MOLAGAVITA;54a729f4-4c16-403e-a209-dddc1e0135a0
68;68498;SANTANDER;OCAMONTE;54a729f4-4c16-403e-a209-dddc1e0135a0
68;68500;SANTANDER;OIBA;54a729f4-4c16-403e-a209-dddc1e0135a0
68;68502;SANTANDER;ONZAGA;54a729f4-4c16-403e-a209-dddc1e0135a0
68;68522;SANTANDER;PALMAR;54a729f4-4c16-403e-a209-dddc1e0135a0
68;68524;SANTANDER;PALMAS DEL SOCORRO;54a729f4-4c16-403e-a209-dddc1e0135a0
68;68533;SANTANDER;PÁRAMO;54a729f4-4c16-403e-a209-dddc1e0135a0
68;68547;SANTANDER;PIEDECUESTA;54a729f4-4c16-403e-a209-dddc1e0135a0
68;68549;SANTANDER;PINCHOTE;54a729f4-4c16-403e-a209-dddc1e0135a0
68;68572;SANTANDER;PUENTE NACIONAL;54a729f4-4c16-403e-a209-dddc1e0135a0
68;68573;SANTANDER;PUERTO PARRA;54a729f4-4c16-403e-a209-dddc1e0135a0
68;68575;SANTANDER;PUERTO WILCHES;54a729f4-4c16-403e-a209-dddc1e0135a0
68;68615;SANTANDER;RIONEGRO;54a729f4-4c16-403e-a209-dddc1e0135a0
68;68655;SANTANDER;SABANA DE TORRES;54a729f4-4c16-403e-a209-dddc1e0135a0
68;68669;SANTANDER;SAN ANDRÉS;54a729f4-4c16-403e-a209-dddc1e0135a0
68;68673;SANTANDER;SAN BENITO;54a729f4-4c16-403e-a209-dddc1e0135a0
68;68679;SANTANDER;SAN GIL;54a729f4-4c16-403e-a209-dddc1e0135a0
68;68682;SANTANDER;SAN JOAQUÍN;54a729f4-4c16-403e-a209-dddc1e0135a0
68;68684;SANTANDER;SAN JOSÉ DE MIRANDA;54a729f4-4c16-403e-a209-dddc1e0135a0
68;68686;SANTANDER;SAN MIGUEL;54a729f4-4c16-403e-a209-dddc1e0135a0
68;68689;SANTANDER;SAN VICENTE DE CHUCURÍ;54a729f4-4c16-403e-a209-dddc1e0135a0
68;68705;SANTANDER;SANTA BÁRBARA;54a729f4-4c16-403e-a209-dddc1e0135a0
68;68720;SANTANDER;SANTA HELENA DEL OPÓN;54a729f4-4c16-403e-a209-dddc1e0135a0
68;68745;SANTANDER;SIMACOTA;54a729f4-4c16-403e-a209-dddc1e0135a0
68;68755;SANTANDER;SOCORRO;54a729f4-4c16-403e-a209-dddc1e0135a0
68;68770;SANTANDER;SUAITA;54a729f4-4c16-403e-a209-dddc1e0135a0
68;68773;SANTANDER;SUCRE;54a729f4-4c16-403e-a209-dddc1e0135a0
68;68780;SANTANDER;SURATÁ;54a729f4-4c16-403e-a209-dddc1e0135a0
68;68820;SANTANDER;TONA;54a729f4-4c16-403e-a209-dddc1e0135a0
68;68855;SANTANDER;VALLE DE SAN JOSÉ;54a729f4-4c16-403e-a209-dddc1e0135a0
68;68861;SANTANDER;VÉLEZ;54a729f4-4c16-403e-a209-dddc1e0135a0
68;68867;SANTANDER;VETAS;54a729f4-4c16-403e-a209-dddc1e0135a0
68;68872;SANTANDER;VILLANUEVA;54a729f4-4c16-403e-a209-dddc1e0135a0
68;68895;SANTANDER;ZAPATOCA;54a729f4-4c16-403e-a209-dddc1e0135a0
70;70001;SUCRE;SINCELEJO;dc46627c-0e3e-4990-8c11-2bddc56040a6
70;70110;SUCRE;BUENAVISTA;dc46627c-0e3e-4990-8c11-2bddc56040a6
70;70124;SUCRE;CAIMITO;dc46627c-0e3e-4990-8c11-2bddc56040a6
70;70204;SUCRE;COLOSÓ;dc46627c-0e3e-4990-8c11-2bddc56040a6
70;70215;SUCRE;COROZAL;dc46627c-0e3e-4990-8c11-2bddc56040a6
70;70221;SUCRE;COVEÑAS;dc46627c-0e3e-4990-8c11-2bddc56040a6
70;70230;SUCRE;CHALÁN;dc46627c-0e3e-4990-8c11-2bddc56040a6
70;70233;SUCRE;EL ROBLE;dc46627c-0e3e-4990-8c11-2bddc56040a6
70;70235;SUCRE;GALERAS;dc46627c-0e3e-4990-8c11-2bddc56040a6
70;70265;SUCRE;GUARANDA;dc46627c-0e3e-4990-8c11-2bddc56040a6
70;70400;SUCRE;LA UNIÓN;dc46627c-0e3e-4990-8c11-2bddc56040a6
70;70418;SUCRE;LOS PALMITOS;dc46627c-0e3e-4990-8c11-2bddc56040a6
70;70429;SUCRE;MAJAGUAL;dc46627c-0e3e-4990-8c11-2bddc56040a6
70;70473;SUCRE;MORROA;dc46627c-0e3e-4990-8c11-2bddc56040a6
70;70508;SUCRE;OVEJAS;dc46627c-0e3e-4990-8c11-2bddc56040a6
70;70523;SUCRE;PALMITO;dc46627c-0e3e-4990-8c11-2bddc56040a6
70;70670;SUCRE;SAMPUÉS;dc46627c-0e3e-4990-8c11-2bddc56040a6
70;70678;SUCRE;SAN BENITO ABAD;dc46627c-0e3e-4990-8c11-2bddc56040a6
70;70702;SUCRE;SAN JUAN DE BETULIA;dc46627c-0e3e-4990-8c11-2bddc56040a6
70;70708;SUCRE;SAN MARCOS;dc46627c-0e3e-4990-8c11-2bddc56040a6
70;70713;SUCRE;SAN ONOFRE;dc46627c-0e3e-4990-8c11-2bddc56040a6
70;70717;SUCRE;SAN PEDRO;dc46627c-0e3e-4990-8c11-2bddc56040a6
70;70742;SUCRE;SAN LUIS DE SINCÉ;dc46627c-0e3e-4990-8c11-2bddc56040a6
70;70771;SUCRE;SUCRE;dc46627c-0e3e-4990-8c11-2bddc56040a6
70;70820;SUCRE;SANTIAGO DE TOLÚ;dc46627c-0e3e-4990-8c11-2bddc56040a6
70;70823;SUCRE;SAN JOSÉ DE TOLUVIEJO;dc46627c-0e3e-4990-8c11-2bddc56040a6
73;73001;TOLIMA;IBAGUÉ;55ab1c6c-6184-4737-9021-dfe55955b2cf
73;73024;TOLIMA;ALPUJARRA;55ab1c6c-6184-4737-9021-dfe55955b2cf
73;73026;TOLIMA;ALVARADO;55ab1c6c-6184-4737-9021-dfe55955b2cf
73;73030;TOLIMA;AMBALEMA;55ab1c6c-6184-4737-9021-dfe55955b2cf
73;73043;TOLIMA;ANZOÁTEGUI;55ab1c6c-6184-4737-9021-dfe55955b2cf
73;73055;TOLIMA;ARMERO;55ab1c6c-6184-4737-9021-dfe55955b2cf
73;73067;TOLIMA;ATACO;55ab1c6c-6184-4737-9021-dfe55955b2cf
73;73124;TOLIMA;CAJAMARCA;55ab1c6c-6184-4737-9021-dfe55955b2cf
73;73148;TOLIMA;CARMEN DE APICALÁ;55ab1c6c-6184-4737-9021-dfe55955b2cf
73;73152;TOLIMA;CASABIANCA;55ab1c6c-6184-4737-9021-dfe55955b2cf
73;73168;TOLIMA;CHAPARRAL;55ab1c6c-6184-4737-9021-dfe55955b2cf
73;73200;TOLIMA;COELLO;55ab1c6c-6184-4737-9021-dfe55955b2cf
73;73217;TOLIMA;COYAIMA;55ab1c6c-6184-4737-9021-dfe55955b2cf
73;73226;TOLIMA;CUNDAY;55ab1c6c-6184-4737-9021-dfe55955b2cf
73;73236;TOLIMA;DOLORES;55ab1c6c-6184-4737-9021-dfe55955b2cf
73;73268;TOLIMA;ESPINAL;55ab1c6c-6184-4737-9021-dfe55955b2cf
73;73270;TOLIMA;FALAN;55ab1c6c-6184-4737-9021-dfe55955b2cf
73;73275;TOLIMA;FLANDES;55ab1c6c-6184-4737-9021-dfe55955b2cf
73;73283;TOLIMA;FRESNO;55ab1c6c-6184-4737-9021-dfe55955b2cf
73;73319;TOLIMA;GUAMO;55ab1c6c-6184-4737-9021-dfe55955b2cf
73;73347;TOLIMA;HERVEO;55ab1c6c-6184-4737-9021-dfe55955b2cf
73;73349;TOLIMA;HONDA;55ab1c6c-6184-4737-9021-dfe55955b2cf
73;73352;TOLIMA;ICONONZO;55ab1c6c-6184-4737-9021-dfe55955b2cf
73;73408;TOLIMA;LÉRIDA;55ab1c6c-6184-4737-9021-dfe55955b2cf
73;73411;TOLIMA;LÍBANO;55ab1c6c-6184-4737-9021-dfe55955b2cf
73;73443;TOLIMA;SAN SEBASTIÁN DE MARIQUITA;55ab1c6c-6184-4737-9021-dfe55955b2cf
73;73449;TOLIMA;MELGAR;55ab1c6c-6184-4737-9021-dfe55955b2cf
73;73461;TOLIMA;MURILLO;55ab1c6c-6184-4737-9021-dfe55955b2cf
73;73483;TOLIMA;NATAGAIMA;55ab1c6c-6184-4737-9021-dfe55955b2cf
73;73504;TOLIMA;ORTEGA;55ab1c6c-6184-4737-9021-dfe55955b2cf
73;73520;TOLIMA;PALOCABILDO;55ab1c6c-6184-4737-9021-dfe55955b2cf
73;73547;TOLIMA;PIEDRAS;55ab1c6c-6184-4737-9021-dfe55955b2cf
73;73555;TOLIMA;PLANADAS;55ab1c6c-6184-4737-9021-dfe55955b2cf
73;73563;TOLIMA;PRADO;55ab1c6c-6184-4737-9021-dfe55955b2cf
73;73585;TOLIMA;PURIFICACIÓN;55ab1c6c-6184-4737-9021-dfe55955b2cf
73;73616;TOLIMA;RIOBLANCO;55ab1c6c-6184-4737-9021-dfe55955b2cf
73;73622;TOLIMA;RONCESVALLES;55ab1c6c-6184-4737-9021-dfe55955b2cf
73;73624;TOLIMA;ROVIRA;55ab1c6c-6184-4737-9021-dfe55955b2cf
73;73671;TOLIMA;SALDAÑA;55ab1c6c-6184-4737-9021-dfe55955b2cf
73;73675;TOLIMA;SAN ANTONIO;55ab1c6c-6184-4737-9021-dfe55955b2cf
73;73678;TOLIMA;SAN LUIS;55ab1c6c-6184-4737-9021-dfe55955b2cf
73;73686;TOLIMA;SANTA ISABEL;55ab1c6c-6184-4737-9021-dfe55955b2cf
73;73770;TOLIMA;SUÁREZ;55ab1c6c-6184-4737-9021-dfe55955b2cf
73;73854;TOLIMA;VALLE DE SAN JUAN;55ab1c6c-6184-4737-9021-dfe55955b2cf
73;73861;TOLIMA;VENADILLO;55ab1c6c-6184-4737-9021-dfe55955b2cf
73;73870;TOLIMA;VILLAHERMOSA;55ab1c6c-6184-4737-9021-dfe55955b2cf
73;73873;TOLIMA;VILLARRICA;55ab1c6c-6184-4737-9021-dfe55955b2cf
76;76001;VALLE DEL CAUCA;CALI;ef891b6c-bb85-45b2-9899-2e311a0ed942
76;76020;VALLE DEL CAUCA;ALCALÁ;ef891b6c-bb85-45b2-9899-2e311a0ed942
76;76036;VALLE DEL CAUCA;ANDALUCÍA;ef891b6c-bb85-45b2-9899-2e311a0ed942
76;76041;VALLE DEL CAUCA;ANSERMANUEVO;ef891b6c-bb85-45b2-9899-2e311a0ed942
76;76054;VALLE DEL CAUCA;ARGELIA;ef891b6c-bb85-45b2-9899-2e311a0ed942
76;76100;VALLE DEL CAUCA;BOLÍVAR;ef891b6c-bb85-45b2-9899-2e311a0ed942
76;76109;VALLE DEL CAUCA;BUENAVENTURA;ef891b6c-bb85-45b2-9899-2e311a0ed942
76;76111;VALLE DEL CAUCA;GUADALAJARA DE BUGA;ef891b6c-bb85-45b2-9899-2e311a0ed942
76;76113;VALLE DEL CAUCA;BUGALAGRANDE;ef891b6c-bb85-45b2-9899-2e311a0ed942
76;76122;VALLE DEL CAUCA;CAICEDONIA;ef891b6c-bb85-45b2-9899-2e311a0ed942
76;76126;VALLE DEL CAUCA;CALIMA;ef891b6c-bb85-45b2-9899-2e311a0ed942
76;76130;VALLE DEL CAUCA;CANDELARIA;ef891b6c-bb85-45b2-9899-2e311a0ed942
76;76147;VALLE DEL CAUCA;CARTAGO;ef891b6c-bb85-45b2-9899-2e311a0ed942
76;76233;VALLE DEL CAUCA;DAGUA;ef891b6c-bb85-45b2-9899-2e311a0ed942
76;76243;VALLE DEL CAUCA;EL ÁGUILA;ef891b6c-bb85-45b2-9899-2e311a0ed942
76;76246;VALLE DEL CAUCA;EL CAIRO;ef891b6c-bb85-45b2-9899-2e311a0ed942
76;76248;VALLE DEL CAUCA;EL CERRITO;ef891b6c-bb85-45b2-9899-2e311a0ed942
76;76250;VALLE DEL CAUCA;EL DOVIO;ef891b6c-bb85-45b2-9899-2e311a0ed942
76;76275;VALLE DEL CAUCA;FLORIDA;ef891b6c-bb85-45b2-9899-2e311a0ed942
76;76306;VALLE DEL CAUCA;GINEBRA;ef891b6c-bb85-45b2-9899-2e311a0ed942
76;76318;VALLE DEL CAUCA;GUACARÍ;ef891b6c-bb85-45b2-9899-2e311a0ed942
76;76364;VALLE DEL CAUCA;JAMUNDÍ;ef891b6c-bb85-45b2-9899-2e311a0ed942
76;76377;VALLE DEL CAUCA;LA CUMBRE;ef891b6c-bb85-45b2-9899-2e311a0ed942
76;76400;VALLE DEL CAUCA;LA UNIÓN;ef891b6c-bb85-45b2-9899-2e311a0ed942
76;76403;VALLE DEL CAUCA;LA VICTORIA;ef891b6c-bb85-45b2-9899-2e311a0ed942
76;76497;VALLE DEL CAUCA;OBANDO;ef891b6c-bb85-45b2-9899-2e311a0ed942
76;76520;VALLE DEL CAUCA;PALMIRA;ef891b6c-bb85-45b2-9899-2e311a0ed942
76;76563;VALLE DEL CAUCA;PRADERA;ef891b6c-bb85-45b2-9899-2e311a0ed942
76;76606;VALLE DEL CAUCA;RESTREPO;ef891b6c-bb85-45b2-9899-2e311a0ed942
76;76616;VALLE DEL CAUCA;RIOFRÍO;ef891b6c-bb85-45b2-9899-2e311a0ed942
76;76622;VALLE DEL CAUCA;ROLDANILLO;ef891b6c-bb85-45b2-9899-2e311a0ed942
76;76670;VALLE DEL CAUCA;SAN PEDRO;ef891b6c-bb85-45b2-9899-2e311a0ed942
76;76736;VALLE DEL CAUCA;SEVILLA;ef891b6c-bb85-45b2-9899-2e311a0ed942
76;76823;VALLE DEL CAUCA;TORO;ef891b6c-bb85-45b2-9899-2e311a0ed942
76;76828;VALLE DEL CAUCA;TRUJILLO;ef891b6c-bb85-45b2-9899-2e311a0ed942
76;76834;VALLE DEL CAUCA;TULUÁ;ef891b6c-bb85-45b2-9899-2e311a0ed942
76;76845;VALLE DEL CAUCA;ULLOA;ef891b6c-bb85-45b2-9899-2e311a0ed942
76;76863;VALLE DEL CAUCA;VERSALLES;ef891b6c-bb85-45b2-9899-2e311a0ed942
76;76869;VALLE DEL CAUCA;VIJES;ef891b6c-bb85-45b2-9899-2e311a0ed942
76;76890;VALLE DEL CAUCA;YOTOCO;ef891b6c-bb85-45b2-9899-2e311a0ed942
76;76892;VALLE DEL CAUCA;YUMBO;ef891b6c-bb85-45b2-9899-2e311a0ed942
76;76895;VALLE DEL CAUCA;ZARZAL;ef891b6c-bb85-45b2-9899-2e311a0ed942
81;81001;ARAUCA;ARAUCA;465eb70b-377d-4034-ab1d-bf779edcf404
81;81065;ARAUCA;ARAUQUITA;465eb70b-377d-4034-ab1d-bf779edcf404
81;81220;ARAUCA;CRAVO NORTE;465eb70b-377d-4034-ab1d-bf779edcf404
81;81300;ARAUCA;FORTUL;465eb70b-377d-4034-ab1d-bf779edcf404
81;81591;ARAUCA;PUERTO RONDÓN;465eb70b-377d-4034-ab1d-bf779edcf404
81;81736;ARAUCA;SARAVENA;465eb70b-377d-4034-ab1d-bf779edcf404
81;81794;ARAUCA;TAME;465eb70b-377d-4034-ab1d-bf779edcf404
85;85001;CASANARE;YOPAL;fffc97dc-d2a4-46e2-8282-262e6abdcadf
85;85010;CASANARE;AGUAZUL;fffc97dc-d2a4-46e2-8282-262e6abdcadf
85;85015;CASANARE;CHÁMEZA;fffc97dc-d2a4-46e2-8282-262e6abdcadf
85;85125;CASANARE;HATO COROZAL;fffc97dc-d2a4-46e2-8282-262e6abdcadf
85;85136;CASANARE;LA SALINA;fffc97dc-d2a4-46e2-8282-262e6abdcadf
85;85139;CASANARE;MANÍ;fffc97dc-d2a4-46e2-8282-262e6abdcadf
85;85162;CASANARE;MONTERREY;fffc97dc-d2a4-46e2-8282-262e6abdcadf
85;85225;CASANARE;NUNCHÍA;fffc97dc-d2a4-46e2-8282-262e6abdcadf
85;85230;CASANARE;OROCUÉ;fffc97dc-d2a4-46e2-8282-262e6abdcadf
85;85250;CASANARE;PAZ DE ARIPORO;fffc97dc-d2a4-46e2-8282-262e6abdcadf
85;85263;CASANARE;PORE;fffc97dc-d2a4-46e2-8282-262e6abdcadf
85;85279;CASANARE;RECETOR;fffc97dc-d2a4-46e2-8282-262e6abdcadf
85;85300;CASANARE;SABANALARGA;fffc97dc-d2a4-46e2-8282-262e6abdcadf
85;85315;CASANARE;SÁCAMA;fffc97dc-d2a4-46e2-8282-262e6abdcadf
85;85325;CASANARE;SAN LUIS DE PALENQUE;fffc97dc-d2a4-46e2-8282-262e6abdcadf
85;85400;CASANARE;TÁMARA;fffc97dc-d2a4-46e2-8282-262e6abdcadf
85;85410;CASANARE;TAURAMENA;fffc97dc-d2a4-46e2-8282-262e6abdcadf
85;85430;CASANARE;TRINIDAD;fffc97dc-d2a4-46e2-8282-262e6abdcadf
85;85440;CASANARE;VILLANUEVA;fffc97dc-d2a4-46e2-8282-262e6abdcadf
86;86001;PUTUMAYO;MOCOA;db79599c-022c-4847-8551-205e73d474d8
86;86219;PUTUMAYO;COLÓN;db79599c-022c-4847-8551-205e73d474d8
86;86320;PUTUMAYO;ORITO;db79599c-022c-4847-8551-205e73d474d8
86;86568;PUTUMAYO;PUERTO ASÍS;db79599c-022c-4847-8551-205e73d474d8
86;86569;PUTUMAYO;PUERTO CAICEDO;db79599c-022c-4847-8551-205e73d474d8
86;86571;PUTUMAYO;PUERTO GUZMÁN;db79599c-022c-4847-8551-205e73d474d8
86;86573;PUTUMAYO;PUERTO LEGUÍZAMO;db79599c-022c-4847-8551-205e73d474d8
86;86749;PUTUMAYO;SIBUNDOY;db79599c-022c-4847-8551-205e73d474d8
86;86755;PUTUMAYO;SAN FRANCISCO;db79599c-022c-4847-8551-205e73d474d8
86;86757;PUTUMAYO;SAN MIGUEL;db79599c-022c-4847-8551-205e73d474d8
86;86760;PUTUMAYO;SANTIAGO;db79599c-022c-4847-8551-205e73d474d8
86;86865;PUTUMAYO;VALLE DEL GUAMUEZ;db79599c-022c-4847-8551-205e73d474d8
86;86885;PUTUMAYO;VILLAGARZÓN;db79599c-022c-4847-8551-205e73d474d8
88;88001;ARCHIPIÉLAGO DE SAN ANDRÉS. PROVIDENCIA Y SANTA CATALINA;SAN ANDRÉS;4baf6c55-0ad5-46bb-b8e9-683e16a9f86b
88;88564;ARCHIPIÉLAGO DE SAN ANDRÉS. PROVIDENCIA Y SANTA CATALINA;PROVIDENCIA;4baf6c55-0ad5-46bb-b8e9-683e16a9f86b
91;91001;AMAZONAS;LETICIA;bf82dd95-ab24-43cc-86a1-691b096e46d4
91;91540;AMAZONAS;PUERTO NARIÑO;bf82dd95-ab24-43cc-86a1-691b096e46d4
94;94001;GUAINÍA;INÍRIDA;106492f9-5524-48c4-8532-e405c78a90c0
94;94343;GUAINÍA;BARRANCOMINAS;106492f9-5524-48c4-8532-e405c78a90c0
95;95001;GUAVIARE;SAN JOSÉ DEL GUAVIARE;14a2a3ca-0dae-4027-a938-0cf88b11180c
95;95015;GUAVIARE;CALAMAR;14a2a3ca-0dae-4027-a938-0cf88b11180c
95;95025;GUAVIARE;EL RETORNO;14a2a3ca-0dae-4027-a938-0cf88b11180c
95;95200;GUAVIARE;MIRAFLORES;14a2a3ca-0dae-4027-a938-0cf88b11180c
97;97001;VAUPÉS;MITÚ;dd487dc6-658c-4473-84ac-cbb0f7336036
97;97161;VAUPÉS;CARURÚ;dd487dc6-658c-4473-84ac-cbb0f7336036
97;97666;VAUPÉS;TARAIRA;dd487dc6-658c-4473-84ac-cbb0f7336036
99;99001;VICHADA;PUERTO CARREÑO;1f595cb0-5e69-4ac1-b48b-944e4bba57ec
99;99524;VICHADA;LA PRIMAVERA;1f595cb0-5e69-4ac1-b48b-944e4bba57ec
99;99624;VICHADA;SANTA ROSALÍA;1f595cb0-5e69-4ac1-b48b-944e4bba57ec
99;99773;VICHADA;CUMARIBO;1f595cb0-5e69-4ac1-b48b-944e4bba57ec
